Fecha_Entregado,Status,Fecha_Recibido,Proyecto,CUC,Cliente,Jefe_de_Venta,Supervisor,Movimiento,Equipo,Modelo,Serie,Canal,Ruta,Motivo,Observaciones
2026-09-01 00:00:00,Entregado,2025-07-16 00:00:00,Normal,472250,LA PALAPA DEL JAROCHO 2,LIMBE RMANUEL,JORGE TUN,Entrega,Enfriador,V17,42510682A,Tradicional,ADOLFO,,
2026-09-11 00:00:00,Entregado,2026-03-20 00:00:00,Normal,423430,ANTOJITOS YUCATECOS,MARIO,RAMIRO,Entrega,Enfriador,V9,42480375Z,Tradicional,LUIS,,
2026-09-05 00:00:00,Entregado,2026-05-28 00:00:00,Normal,481075,CENTRO DE COLISION GM,JULIO,JOSE ALBERTO,Entrega,Vending,ROYAL 550,201629CA00020,Vending,EDDIE,,
2026-09-03 00:00:00,Entregado,2026-09-03 00:00:00,Cambio,310618,RESTAURANTE ANTOINETTE,MAURICIO,BERNARDO,Entrega,Enfriador,V17,52370137X,HoReCa,LUIS,,
2026-09-03 00:00:00,Levantado,2026-09-03 00:00:00,Cambio,310618,RESTAURANTE ANTOINETTE,MAURICIO,BERNARDO,Levantamiento,Enfriador,V17,22200683W,HoReCa,LUIS,,
2026-09-03 00:00:00,Entregado,2026-07-04 00:00:00,Cambio,29009,TORTAS Y TORTAS CANCUN,CRISTIAN FERNANDO,OLIVER,Entrega,Enfriador,V12,81930186Q,Tradicional,LUIS,,
2026-09-03 00:00:00,Levantado,2026-07-04 00:00:00,Cambio,29009,TORTAS Y TORTAS CANCUN,CRISTIAN FERNANDO,OLIVER,Levantamiento,Enfriador,V9,31580925D,Tradicional,LUIS,,
2026-09-07 00:00:00,Entregado,2026-07-13 00:00:00,Normal,482499,TACOS RIGO AV. HUAYACAN,CRISTIAN,RENE CHABLE,Entrega,Enfriador,FGC360,F80230800010,Tradicional,LUIS,,
2026-09-02 00:00:00,Entregado,2026-07-28 00:00:00,Cambio,22099,TIENDA PUERTO MADERO,MAURICIO,URIEL,Entrega,Enfriador,V17,92610794B,HoReCa,ADOLFO,,
2026-09-02 00:00:00,Levantado,2026-07-28 00:00:00,Cambio,22099,TIENDA PUERTO MADERO,MAURICIO,URIEL,Levantamiento,Enfriador,V17,81480663Z,HoReCa,ADOLFO,,
2026-09-08 00:00:00,Entregado,2026-07-31 00:00:00,Normal,452566,CENADURIA MARY 218,CRISTIAN,JORGE TUN,Entrega,Enfriador,V17,52200364V,Tradicional,LUIS,,
2026-09-01 00:00:00,Entregado,2026-07-31 00:00:00,Normal,431700,ABARROTES LA UNION,KARINA,RENE,Entrega,Enfriador,V41,92640732B,Tradicional,ADOLFO,,
2026-09-01 00:00:00,Entregado,2026-07-31 00:00:00,Normal,431700,ABARROTES LA UNION,KARINA,RENE,Entrega,Enfriador,V41,92630794B,Tradicional,ADOLFO,,
2026-09-01 00:00:00,Levantado,2026-07-31 00:00:00,Normal,431700,ABARROTES LA UNION,KARINA,RENE,Levantamiento,Enfriador,V35,52230322V,Tradicional,ADOLFO,,
2026-09-01 00:00:00,Levantado,2026-07-31 00:00:00,Normal,431700,ABARROTES LA UNION,KARINA,RENE,Levantamiento,Enfriador,V25,,Tradicional,ADOLFO,,
2026-09-02 00:00:00,Entregado,2026-08-04 00:00:00,Normal,191139,COMEDOR LANZADERA,MAURICIO,URIEL,Entrega,Enfriador,V17,92620728B,HoReCa,ADOLFO,,
2026-09-02 00:00:00,Entregado,2026-08-04 00:00:00,Normal,191139,COMEDOR LANZADERA,MAURICIO,URIEL,Entrega,Enfriador,V17,92620720B,HoReCa,ADOLFO,,
2026-09-02 00:00:00,Entregado,2026-08-04 00:00:00,Normal,191139,COMEDOR LANZADERA,MAURICIO,URIEL,Entrega,Enfriador,V17,92620723B,HoReCa,ADOLFO,,
2026-09-02 00:00:00,Pendiente,2026-08-04 00:00:00,Normal,191139,COMEDOR LANZADERA,MAURICIO,URIEL,Levantamiento,Enfriador,V17,22310560Y,HoReCa,ADOLFO,,
2026-09-02 00:00:00,Pendiente,2026-08-04 00:00:00,Normal,191139,COMEDOR LANZADERA,MAURICIO,URIEL,Levantamiento,Enfriador,G322,469000000000,HoReCa,ADOLFO,,
2026-09-02 00:00:00,Pendiente,2026-08-11 00:00:00,Cambio,472216,AB ISRAEL,POLANCO,ELIAN,Entrega,Enfriador,V41,92640743B,Tradicional,LUIS,,
2026-09-02 00:00:00,Pendiente,2026-08-11 00:00:00,Cambio,472216,AB ISRAEL,POLANCO,ELIAN,Entrega,Enfriador,V17,92610798B,Tradicional,LUIS,,
2026-09-02 00:00:00,Pendiente,2026-08-11 00:00:00,Cambio,472216,AB ISRAEL,POLANCO,ELIAN,Levantamiento,Enfriador,V35,42300187X,Tradicional,LUIS,,
2026-09-07 00:00:00,Entregado,2026-08-11 00:00:00,Normal,477715,ENCHILADERIA CARMEN,POLANCO,JESUS PEREZ,Entrega,Enfriador,V12,22211250X,Tradicional,EDDIE,,
2026-09-07 00:00:00,Entregado,2026-08-11 00:00:00,Normal,69659,SUSHI ITTO,CRISTIAN,RENE CHABLE,Entrega,Enfriador,V9,22200108V,Tradicional,LUIS,,
2026-09-03 00:00:00,Levantado,2026-09-02 00:00:00,Normal,22889,TYCOS TULUM CUN,CRISTIAN,OLIVER,Levantamiento,Enfriador,VR04,,Tradicional,EDDIE,EL EQUIPO CONGELA,
2026-09-02 00:00:00,Entregado,2026-08-17 00:00:00,Cambio,21997,AEROCOCINA,MAURICIO,ENRIQUE,Entrega,Enfriador,V17,92620729B,HoReCa,ADOLFO,,
2026-09-02 00:00:00,Levantado,2026-08-17 00:00:00,Cambio,21997,AEROCOCINA,MAURICIO,ENRIQUE,Levantamiento,Enfriador,V17,52250789W,HoReCa,ADOLFO,,
2026-09-07 00:00:00,Entregado,2026-08-18 00:00:00,Cambio,18856,LA DANIELA BONFIL,GEOVANI,ALEX IVAN,Entrega,Enfriador,V17,12280642W,Tradicional,EDDIE,,
2026-09-07 00:00:00,Levantado,2026-08-18 00:00:00,Cambio,18856,LA DANIELA BONFIL,GEOVANI,ALEX IVAN,Levantamiento,Enfriador,V25,81360783V,Tradicional,EDDIE,,
2026-09-03 00:00:00,Entregado,2026-08-18 00:00:00,Normal,385473,SUPER INNA,GEOVANI,ELIU,Entrega,Enfriador,V25,02050450T,Tradicional,ADOLFO,,
2026-09-03 00:00:00,Entregado,2026-08-18 00:00:00,Cambio,222727,MINI SUPER CACHORRO,GEOVANI,ELIU,Entrega,Enfriador,V35,92060396S,Tradicional,ADOLFO,,
2026-09-03 00:00:00,Levantado,2026-08-18 00:00:00,Cambio,222727,MINI SUPER CACHORRO,GEOVANI,ELIU,Levantamiento,Enfriador,V35,62340127X,Tradicional,ADOLFO,,
2026-09-03 00:00:00,Entregado,2026-08-18 00:00:00,Cambio,466094,LA FAMILIA HOLBOX,GEOVANI,ELIU,Entrega,Enfriador,V12,22260613W,Tradicional,ADOLFO,,
2026-09-03 00:00:00,Levantado,2026-08-18 00:00:00,Cambio,466094,LA FAMILIA HOLBOX,GEOVANI,ELIU,Levantamiento,Enfriador,V9,90900345G,Tradicional,ADOLFO,,
2026-09-03 00:00:00,Entregado,2026-08-18 00:00:00,Cambio,455818,ABARROTES PASEO KUKA,GEOVANI,ELIU,Entrega,Enfriador,V25,72180235T,Tradicional,ADOLFO,,
2026-09-03 00:00:00,Levantado,2026-08-18 00:00:00,Cambio,455818,ABARROTES PASEO KUKA,GEOVANI,ELIU,Levantamiento,Enfriador,V25,71740404K,Tradicional,ADOLFO,,
2026-09-03 00:00:00,Entregado,2026-08-18 00:00:00,Normal,353081,HOT CORNER,GEOVANI,ELIU,Entrega,Enfriador,V9,42290371V,Tradicional,ADOLFO,,
2026-09-03 00:00:00,Entregado,2026-08-18 00:00:00,Normal,480900,VERY WOOD,GEOVANI,ELIU,Entrega,Enfriador,V25,72270816W,Tradicional,ADOLFO,,
2026-09-03 00:00:00,Entregado,2026-08-18 00:00:00,Normal,480900,VERY WOOD,GEOVANI,ELIU,Entrega,Enfriador,V25,12120541U,Tradicional,ADOLFO,,
2026-09-03 00:00:00,Entregado,2026-08-18 00:00:00,Normal,481538,HOTEL DK,GEOVANI,ELIU,Entrega,Enfriador,V25,52140985U,Tradicional,ADOLFO,,
2026-09-03 00:00:00,Entregado,2026-08-18 00:00:00,Normal,476102,HOLMART 2,GEOVANI,ELIU,Entrega,Enfriador,NV08,J90231180064,Tradicional,ADOLFO,,
2026-09-03 00:00:00,Entregado,2026-08-21 00:00:00,Normal,481407,BALU MARKET HOLBOX,GEOVANI,ELIU,Entrega,Enfriador,V25,82270995W,Tradicional,ADOLFO,,
2026-09-03 00:00:00,Entregado,2026-08-21 00:00:00,Normal,481407,BALU MARKET HOLBOX,GEOVANI,ELIU,Entrega,Enfriador,V9,42480382Z,Tradicional,ADOLFO,,
2026-09-02 00:00:00,Entregado,2026-08-19 00:00:00,Normal,444257,COCOS Y GRILL PTO JUAREZ,MAURICIO,LUIS SOLIS,Entrega,Enfriador,V17,92620717B,HoReCa,ADOLFO,,
2026-09-01 00:00:00,Entregado,2026-08-24 00:00:00,Normal,20903,SORIANA KABAH (HOME DEPOT),CARLOS AVILES,,Entrega,Enfriador,DISPENSADOR,02580682A,AP20L,EDDIE,,
2026-09-01 00:00:00,Entregado,2026-08-24 00:00:00,Normal,20903,SORIANA KABAH (HOME DEPOT),CARLOS AVILES,,Entrega,Enfriador,DISPENSADOR,12560612A,AP20L,EDDIE,,
2026-09-07 00:00:00,Entregado,2026-08-25 00:00:00,Cambio,23664,TAQUERIA EL PAISA,CRISTIAN,JORGE TUN,Entrega,Enfriador,V17,62171070U,Tradicional,LUIS,,
2026-09-07 00:00:00,Levantado,2026-08-25 00:00:00,Cambio,23664,TAQUERIA EL PAISA,CRISTIAN,JORGE TUN,Levantamiento,Enfriador,V25,71830166N,Tradicional,LUIS,,
2026-09-01 00:00:00,Entregado,2026-08-25 00:00:00,Normal,483477,GO PHARMACY,GEOVANI,ALEX IVAN,Entrega,Enfriador,V12,32380516Y,Tradicional,EDDIE,,
2026-09-04 00:00:00,Entregado,2026-08-25 00:00:00,Cambio,451731,DOS HERMANOS,KARINA,RENE GONZALEZ,Entrega,Enfriador,V61,42660206B,Tradicional,LUIS,,
2026-09-04 00:00:00,Levantado,2026-08-25 00:00:00,Cambio,451731,DOS HERMANOS,KARINA,RENE GONZALEZ,Levantamiento,Enfriador,V35,31860830P,Tradicional,LUIS,,
2026-09-07 00:00:00,Entregado,2026-08-25 00:00:00,Cambio,28825,COCKTELERIA CLUB NAUTICO PACHO,CRISTIAN,OLIVER,Entrega,Enfriador,V17,52390106X,Tradicional,LUIS,,
2026-09-07 00:00:00,Levantado,2026-08-25 00:00:00,Cambio,28825,COCKTELERIA CLUB NAUTICO PACHO,CRISTIAN,OLIVER,Levantamiento,Enfriador,V17,61770943M,Tradicional,LUIS,,
2026-09-11 00:00:00,Cancelado,2026-08-25 00:00:00,Normal,443749,MAYA,MARIO,JORDAN JIBRAN,Levantamiento,Enfriador,V25,12340490Y,Tradicional,LUIS,"NO QUISO ENTREGAR, SEGUIRA COMPRANDO",
2026-09-17 00:00:00,Levantado,2026-08-25 00:00:00,Normal,451891,YAYIS 107,MARIO,BERNARDO CANUL,Levantamiento,Enfriador,V25,42481126A,Tradicional,EDDIE,,
2026-09-01 00:00:00,Entregado,2026-08-27 00:00:00,Normal,365002,SIX 225,JORGE,TIRZO,Entrega,Enfriador,VR08,M54260200466,Tradicional,ADOLFO,,
2026-09-07 00:00:00,Cancelado,2026-08-27 00:00:00,Normal,325117,LA TIENDITA,JORGE,JOSE LUIS,Levantamiento,Enfriador,,,Tradicional,,VA A SEGUIR COMPRANDO,
2026-09-07 00:00:00,Cancelado,2026-08-27 00:00:00,Normal,325117,LA TIENDITA,JORGE,JOSE LUIS,Levantamiento,Enfriador,,,Tradicional,,VA A SEGUIR COMPRANDO,
2026-09-07 00:00:00,Entregado,2026-08-28 00:00:00,Cambio,452606,MS LAS REYNAS 92,JORGE,LUIS PACHECO,Entrega,Enfriador,V41,62430635Z,Tradicional,EDDIE,,
2026-09-07 00:00:00,Levantado,2026-08-28 00:00:00,Cambio,452606,MS LAS REYNAS 92,JORGE,LUIS PACHECO,Levantamiento,Enfriador,V25,51710635L,Tradicional,EDDIE,,
2026-09-03 00:00:00,Entregado,2026-08-28 00:00:00,Normal,482628,FLOR DE TABASCO,JORGE,ELEAZAR,Entrega,Enfriador,V35,82110263T,Tradicional,LUIS,,
2026-09-03 00:00:00,Entregado,2026-08-28 00:00:00,Cambio,21422,ABARROTES YULI,GEOVANI,MARVIN,Entrega,Enfriador,V25,32500502,Tradicional,LUIS,,
2026-09-03 00:00:00,Entregado,2026-08-28 00:00:00,Cambio,21422,ABARROTES YULI,GEOVANI,MARVIN,Entrega,Enfriador,V35,82660614B,Tradicional,LUIS,,
2026-09-03 00:00:00,Entregado,2026-08-28 00:00:00,Cambio,21422,ABARROTES YULI,GEOVANI,MARVIN,Entrega,Enfriador,V17,92610787B,Tradicional,LUIS,,
2026-09-03 00:00:00,Levantado,2026-08-28 00:00:00,Cambio,21422,ABARROTES YULI,GEOVANI,MARVIN,Levantamiento,Enfriador,V35,82260950W,Tradicional,LUIS,,
2026-09-03 00:00:00,Levantado,2026-08-28 00:00:00,Cambio,21422,ABARROTES YULI,GEOVANI,MARVIN,Levantamiento,Enfriador,V17,61430504Z,Tradicional,LUIS,,
2026-09-03 00:00:00,Levantado,2026-08-28 00:00:00,Cambio,21422,ABARROTES YULI,GEOVANI,MARVIN,Levantamiento,Enfriador,V25,72260826W,Tradicional,LUIS,,
2026-09-02 00:00:00,Entregado,2026-08-28 00:00:00,Cambio,319379,MINI VENTA SANTA ROSA,GEOVANI,MARVIN,Entrega,Enfriador,VR17,A97231102082,Tradicional,LUIS,,
2026-09-02 00:00:00,Levantado,2026-08-28 00:00:00,Cambio,319379,MINI VENTA SANTA ROSA,GEOVANI,MARVIN,Levantamiento,Enfriador,V17,21310315U,Tradicional,LUIS,,
2026-09-03 00:00:00,Entregado,2026-08-28 00:00:00,Cambio,19943,MATRIZ SUPER 95,GEOVANI,CARLOS,Entrega,Enfriador,V35,92240998W,Tradicional,EDDIE,,
2026-09-03 00:00:00,Levantado,2026-08-28 00:00:00,Cambio,19943,MATRIZ SUPER 95,GEOVANI,CARLOS,Levantamiento,Enfriador,V35,31860882P,Tradicional,EDDIE,,
2026-09-01 00:00:00,Entregado,2026-08-31 00:00:00,Cambio,21498,VENDING PANAMERICANO,JULIO CESAR,JOSE ALBERTO,Entrega,Vending,VENDO 821,203291,Vending,EDDIE,,
2026-09-01 00:00:00,Levantado,2026-08-31 00:00:00,Cambio,21498,VENDING PANAMERICANO,JULIO CESAR,JOSE ALBERTO,Levantamiento,Vending,VENDO 821,999000000000,Vending,EDDIE,,
2026-09-01 00:00:00,Entregado,2026-08-31 00:00:00,Normal,20419,SORIANA LUNA,TOLEDO,AXEL,Entrega,Enfriador,VRS05,G68211200422,Moderno,ADOLFO,,
2026-09-01 00:00:00,Entregado,2026-08-28 00:00:00,Normal,222028,SORIANA JARDINES DEL SUR,TOLEDO,VICTOR GIRON,Entrega,Enfriador,V27,92630753B,Moderno,EDDIE,,
2026-09-01 00:00:00,Levantado,2026-08-31 00:00:00,Normal,24209,RETSURANT SAHARA,MARIO,JESUS,Levantamiento,Enfriador,V12,71390159T,Tradicional,EDDIE,,
2026-09-11 00:00:00,Levantado,2026-09-01 00:00:00,Normal,20995,CK HEROES,JOSE RAMON,GALMICHE,Levantamiento,Enfriador,V27,72600539B,Moderno,LUIS,,
2026-09-02 00:00:00,Cancelado,2026-09-01 00:00:00,Fisico,21914,EXTRA XCARET,JOSE RAMON,CRISTIAN REYES,Reubicación,Enfriador,V27,,Moderno,ADOLFO,YA SIRVE LA CAMARA FRIA,
2026-09-04 00:00:00,Entregado,2026-09-01 00:00:00,Cambio,20913,OXXO DADYS,JOSE RAMON,CRISTIAN REYES,Entrega,Enfriador,FVC20,K17250902085,Moderno,LUIS,,
2026-09-04 00:00:00,Entregado,2026-09-01 00:00:00,Cambio,20913,OXXO DADYS,JOSE RAMON,CRISTIAN REYES,Entrega,Enfriador,FVC20,,Moderno,LUIS,,
2026-09-02 00:00:00,Entregado,2026-09-01 00:00:00,Cambio,401067,EBENEZER,KARINA,FRANK,Entrega,Enfriador,V35,82660603B,Tradicional,LUIS,,
2026-09-02 00:00:00,Levantado,2026-09-01 00:00:00,Cambio,401067,EBENEZER,KARINA,FRANK,Levantamiento,Enfriador,V25,71680261E,Tradicional,LUIS,,
2026-09-02 00:00:00,Entregado,2026-09-01 00:00:00,Cambio,215803,ABARROTES MAYFER,KARINA,MANUEL BARRERA,Entrega,Enfriador,V41,92640748B,Tradicional,LUIS,,
2026-09-02 00:00:00,Entregado,2026-09-01 00:00:00,Cambio,215803,ABARROTES MAYFER,KARINA,MANUEL BARRERA,Entrega,Enfriador,V27,62690548B,Tradicional,LUIS,,
2026-09-02 00:00:00,Levantado,2026-09-01 00:00:00,Cambio,215803,ABARROTES MAYFER,KARINA,MANUEL BARRERA,Levantamiento,Enfriador,V41,72320287X,Tradicional,LUIS,,
2026-09-02 00:00:00,Levantado,2026-09-01 00:00:00,Cambio,215803,ABARROTES MAYFER,KARINA,MANUEL BARRERA,Levantamiento,Enfriador,V25,82290587V,Tradicional,LUIS,,
2026-09-03 00:00:00,Entregado,2026-09-01 00:00:00,Cambio,458187,ABARROTES MI TIENDITA,KARINA,FRANK,Entrega,Enfriador,V35,82660620B,Tradicional,EDDIE,,
2026-09-03 00:00:00,Entregado,2026-09-01 00:00:00,Cambio,458187,ABARROTES MI TIENDITA,KARINA,FRANK,Entrega,Enfriador,V35,82660619B,Tradicional,EDDIE,,
2026-09-03 00:00:00,Levantado,2026-09-01 00:00:00,Cambio,458187,ABARROTES MI TIENDITA,KARINA,FRANK,Levantamiento,Enfriador,G26,N24240401025,Tradicional,EDDIE,,
2026-09-03 00:00:00,Levantado,2026-09-01 00:00:00,Cambio,458187,ABARROTES MI TIENDITA,KARINA,FRANK,Levantamiento,Enfriador,G326,N24240401019,Tradicional,EDDIE,,
2026-09-03 00:00:00,Levantado,2026-09-01 00:00:00,Cambio,458187,ABARROTES MI TIENDITA,KARINA,FRANK,Levantamiento,Enfriador,V25,,Tradicional,EDDIE,,
2026-09-07 00:00:00,Entregado,2026-09-01 00:00:00,Cambio,69827,CERVEFRIO CHCUCHIS,MARIO,ANGEL,Entrega,Enfriador,V35,92070307S,Tradicional,EDDIE,,
2026-09-07 00:00:00,Entregado,2026-09-01 00:00:00,Cambio,69827,CERVEFRIO CHCUCHIS,MARIO,ANGEL,Entrega,Enfriador,V40,61271086S,Tradicional,EDDIE,,
2026-09-03 00:00:00,Entregado,2026-09-02 00:00:00,Normal,20991,EXTRA MODELORAMA REGION 98,JOSE RAMON,JOSE LUIS,Entrega,Enfriador,V27,62690557B,Moderno,EDDIE,,
2026-09-03 00:00:00,Entregado,2026-09-02 00:00:00,Normal,20890,SAN FRANCISCO MERCADO 23,PASTOR,RICARDO,Entrega,Enfriador,V12,52620386B,Moderno,EDDIE,,
2026-09-03 00:00:00,Entregado,2026-09-03 00:00:00,Cambio,409185,HC VILLANUEVA,GEOVANI,MARVIN,Entrega,Enfriador,V35,82650696B,Tradicional,LUIS,,
2026-09-03 00:00:00,Levantado,2026-09-03 00:00:00,Cambio,409185,HC VILLANUEVA,GEOVANI,MARVIN,Levantamiento,Enfriador,V35,22490147Z,Tradicional,LUIS,,
2026-09-03 00:00:00,Transferido,2026-09-02 00:00:00,Normal,CEDIS,PLAYA,EDDER,,Entrega,Enfriador,V25,72570235A,Cedis,,,
2026-09-03 00:00:00,Transferido,2026-09-02 00:00:00,Normal,CEDIS,PLAYA,EDDER,,Entrega,Enfriador,V25,72280832W,Cedis,,,
2026-09-03 00:00:00,Transferido,2026-09-02 00:00:00,Normal,CEDIS,PLAYA,EDDER,,Entrega,Enfriador,V25,02030487T,Cedis,,,
2026-09-03 00:00:00,Transferido,2026-09-02 00:00:00,Normal,CEDIS,PLAYA,EDDER,,Entrega,Enfriador,V25,42290735W,Cedis,,,
2026-09-03 00:00:00,Transferido,2026-09-02 00:00:00,Normal,CEDIS,PLAYA,EDDER,,Entrega,Enfriador,V25,32370168X,Cedis,,,
2026-09-03 00:00:00,Transferido,2026-09-02 00:00:00,Normal,CEDIS,PLAYA,EDDER,,Entrega,Enfriador,V25,32500564,Cedis,,,
2026-09-03 00:00:00,Transferido,2026-09-02 00:00:00,Normal,CEDIS,PLAYA,EDDER,,Entrega,Enfriador,V25,52390139X,Cedis,,,
2026-09-03 00:00:00,Transferido,2026-09-02 00:00:00,Normal,CEDIS,PLAYA,EDDER,,Entrega,Enfriador,V25,82570919A,Cedis,,,
2026-09-03 00:00:00,Transferido,2026-09-02 00:00:00,Normal,CEDIS,PLAYA,EDDER,,Entrega,Enfriador,V25,22160644U,Cedis,,,
2026-09-03 00:00:00,Transferido,2026-09-02 00:00:00,Normal,CEDIS,PLAYA,EDDER,,Entrega,Enfriador,G326,N24240401766,Cedis,,,
2026-09-03 00:00:00,Transferido,2026-09-02 00:00:00,Normal,CEDIS,PLAYA,EDDER,,Entrega,Enfriador,VR08,M54260200451,Cedis,,,
2026-09-03 00:00:00,Transferido,2026-09-02 00:00:00,Normal,CEDIS,PLAYA,EDDER,,Entrega,Enfriador,VR08,M54260200431,Cedis,,,
2026-09-03 00:00:00,Transferido,2026-09-02 00:00:00,Normal,CEDIS,PLAYA,EDDER,,Entrega,Enfriador,V35,92630791B,Cedis,,,
2026-09-03 00:00:00,Transferido,2026-09-02 00:00:00,Normal,CEDIS,PLAYA,EDDER,,Entrega,Enfriador,V35,92630777B,Cedis,,,
2026-09-03 00:00:00,Transferido,2026-09-02 00:00:00,Normal,CEDIS,PLAYA,EDDER,,Entrega,Enfriador,V35,92630784B,Cedis,,,
2026-09-03 00:00:00,Transferido,2026-09-02 00:00:00,Normal,CEDIS,PLAYA,EDDER,,Entrega,Enfriador,V17,92620712B,Cedis,,,
2026-09-03 00:00:00,Transferido,2026-09-02 00:00:00,Normal,CEDIS,PLAYA,EDDER,,Entrega,Enfriador,V17,92610797B,Cedis,,,
2026-09-03 00:00:00,Transferido,2026-09-02 00:00:00,Normal,CEDIS,PLAYA,EDDER,,Entrega,Enfriador,V17,92620714B,Cedis,,,
2026-09-03 00:00:00,Transferido,2026-09-02 00:00:00,Normal,CEDIS,PLAYA,EDDER,,Entrega,Enfriador,V17,92620703B,Cedis,,,
2026-09-03 00:00:00,Transferido,2026-09-02 00:00:00,Normal,CEDIS,PLAYA,EDDER,,Entrega,Enfriador,V17,92620709B,Cedis,,,
2026-09-03 00:00:00,Transferido,2026-09-02 00:00:00,Normal,CEDIS,PLAYA,EDDER,,Entrega,Enfriador,V17,92610796B,Cedis,,,
2026-09-03 00:00:00,Transferido,2026-09-02 00:00:00,Normal,CEDIS,PLAYA,EDDER,,Entrega,Enfriador,V17,92620715B,Cedis,,,
2026-09-03 00:00:00,Transferido,2026-09-02 00:00:00,Normal,CEDIS,PLAYA,EDDER,,Entrega,Enfriador,V17,92620708B,Cedis,,,
2026-09-03 00:00:00,Transferido,2026-09-02 00:00:00,Normal,CEDIS,PLAYA,EDDER,,Entrega,Enfriador,V17,92610786B,Cedis,,,
2026-09-03 00:00:00,Transferido,2026-09-02 00:00:00,Normal,CEDIS,PLAYA,EDDER,,Entrega,Enfriador,V17,92610789B,Cedis,,,
2026-09-03 00:00:00,Transferido,2026-09-02 00:00:00,Normal,CEDIS,PLAYA,EDDER,,Entrega,Enfriador,V17,92620719B,Cedis,,,
2026-09-03 00:00:00,Transferido,2026-09-02 00:00:00,Normal,CEDIS,PLAYA,EDDER,,Entrega,Enfriador,V17,92620718B,Cedis,,,
2026-09-03 00:00:00,Transferido,2026-09-02 00:00:00,Normal,CEDIS,PLAYA,EDDER,,Entrega,Enfriador,V12,72650584B,Cedis,,,
2026-09-03 00:00:00,Transferido,2026-09-02 00:00:00,Normal,CEDIS,PLAYA,EDDER,,Entrega,Enfriador,V12,72650557B,Cedis,,,
2026-09-03 00:00:00,Transferido,2026-09-02 00:00:00,Normal,CEDIS,PLAYA,EDDER,,Entrega,Enfriador,V12,72650592B,Cedis,,,
2026-09-03 00:00:00,Transferido,2026-09-02 00:00:00,Normal,CEDIS,PLAYA,EDDER,,Entrega,Enfriador,V12,52620341B,Cedis,,,
2026-09-23 00:00:00,Pendiente,2026-09-02 00:00:00,Documental,477107,RESTAURANTE VERDE CIELO,MAURICIO,BERNARDO,Reubicación,Enfriador,V17,22231277X,HoReCa,ADOLFO,,
2026-09-23 00:00:00,Entregado,2026-09-03 00:00:00,Cambio,294513,CERESO CANCUN,GEOVANI,DARWIN,Entrega,Enfriador,V35,52230313V,Tradicional,ADOLFO,,
2026-09-23 00:00:00,Entregado,2026-09-03 00:00:00,Cambio,294513,CERESO CANCUN,GEOVANI,DARWIN,Entrega,Enfriador,V35,82110266T,Tradicional,ADOLFO,,
2026-09-23 00:00:00,Entregado,2026-09-03 00:00:00,Cambio,294513,CERESO CANCUN,GEOVANI,DARWIN,Entrega,Enfriador,V17,52200325V,Tradicional,ADOLFO,,
2026-09-23 00:00:00,Levantado,2026-09-03 00:00:00,Cambio,294513,CERESO CANCUN,GEOVANI,DARWIN,Levantamiento,Enfriador,V35,41530913D,Tradicional,ADOLFO,,
2026-09-04 00:00:00,Entregado,2026-09-03 00:00:00,Normal,482496,FARMACIA DEL AHORRO HUAYACAN CIRICOTE,GEOVANI,ALEX IVAN,Entrega,Enfriador,VR08,M54260200429,Tradicional,LUIS,,
2026-09-04 00:00:00,Entregado,2026-09-03 00:00:00,Normal,286332,MINI SUPER JAVIS,KARINA,LUIS ALAMILLA,Entrega,Enfriador,V17,92620732B,Tradicional,LUIS,,
2026-09-07 00:00:00,Entregado,2026-09-03 00:00:00,Normal,374099,MINISUPER PEBBLES,KARINA,LUIS ALAMILLA,Entrega,Enfriador,V9,72560200A,Tradicional,EDDIE,,
2026-09-04 00:00:00,Entregado,2026-09-03 00:00:00,Cambio,73962,OXXO CARACOL,JOSE RAMON,CRISTIAN,Entrega,Enfriador,FVC20,K17250902123,Moderno,LUIS,,
2026-09-04 00:00:00,Entregado,2026-09-03 00:00:00,Cambio,73962,OXXO CARACOL,JOSE RAMON,CRISTIAN,Entrega,Enfriador,FVC20,,Moderno,LUIS,,
2026-09-11 00:00:00,Entregado,2026-09-03 00:00:00,Cambio,419958,HOTEL HILTON MAR CARIBE,MAURICIO,ENRIQUE,Entrega,PostMix,PISTOLA BAR,11435356,HoReCa,EDDIE,,
2026-09-25 00:00:00,Pendiente,2026-09-03 00:00:00,Cambio,419958,HOTEL HILTON MAR CARIBE,MAURICIO,ENRIQUE,Levantamiento,PostMix,PISTOLA BAR,11190670,HoReCa,ADOLFO,,
2026-09-11 00:00:00,Entregado,2026-09-03 00:00:00,Cambio,419958,HOTEL HILTON MAR CARIBE,MAURICIO,ENRIQUE,Entrega,PostMix,PISTOLA BAR,11449266,HoReCa,EDDIE,,
2026-09-25 00:00:00,Pendiente,2026-09-03 00:00:00,Cambio,419958,HOTEL HILTON MAR CARIBE,MAURICIO,ENRIQUE,Levantamiento,PostMix,PISTOLA BAR,1117041,HoReCa,ADOLFO,,
2026-09-11 00:00:00,Entregado,2026-09-03 00:00:00,Cambio,419958,HOTEL HILTON MAR CARIBE,MAURICIO,ENRIQUE,Entrega,PostMix,PISTOLA BAR,11449246,HoReCa,EDDIE,,
2026-09-25 00:00:00,Pendiente,2026-09-03 00:00:00,Cambio,419958,HOTEL HILTON MAR CARIBE,MAURICIO,ENRIQUE,Levantamiento,PostMix,PISTOLA BAR,11157814,HoReCa,ADOLFO,,
2026-09-11 00:00:00,Entregado,2026-09-03 00:00:00,Cambio,419958,HOTEL HILTON MAR CARIBE,MAURICIO,ENRIQUE,Entrega,PostMix,PISTOLA BAR,11457717,HoReCa,EDDIE,,
2026-09-25 00:00:00,Pendiente,2026-09-03 00:00:00,Cambio,419958,HOTEL HILTON MAR CARIBE,MAURICIO,ENRIQUE,Levantamiento,PostMix,PISTOLA BAR,1117043,HoReCa,ADOLFO,,
2026-09-04 00:00:00,Entregado,2026-09-04 00:00:00,Normal,USO INTERNO,COCINA COMEDOR CANCUN PLANTA,,,Entrega,Enfriador,DISPENSADOR,02580631A,Uso Interno,EDDIE,,
2026-09-08 00:00:00,Levantado,2026-09-04 00:00:00,Normal,20888,WALMART LABNA,PASTOR,AXEL,Levantamiento,Enfriador,V27,82580960A,Moderno,LUIS,,
2026-09-08 00:00:00,Levantado,2026-09-04 00:00:00,Normal,20888,WALMART LABNA,PASTOR,AXEL,Levantamiento,Enfriador,V27,12590455,Moderno,LUIS,,
2026-09-08 00:00:00,Levantado,2026-09-04 00:00:00,Normal,20888,WALMART LABNA,PASTOR,AXEL,Levantamiento,Enfriador,V27,42650226B,Moderno,LUIS,,
2026-09-08 00:00:00,Levantado,2026-09-04 00:00:00,Normal,20888,WALMART LABNA,PASTOR,AXEL,Levantamiento,Enfriador,V27,32421163A,Moderno,LUIS,,
2026-09-05 00:00:00,Entregado,2026-09-04 00:00:00,Cambio,137534,OXXO BUGAMBILIA,PASTOR,JOSE RAMON,Entrega,Enfriador,FVC20,K17250902068,Moderno,LUIS,,
2026-09-05 00:00:00,Entregado,2026-09-04 00:00:00,Cambio,137534,OXXO BUGAMBILIA,PASTOR,JOSE RAMON,Entrega,Enfriador,FVC20,D56220601202,Moderno,LUIS,,
2026-09-03 00:00:00,Entregado,2026-09-03 00:00:00,Normal,EVENTOS,EVENTOS ESPECIALES,LIMBERGH,,Entrega,Enfriador,G313,431000000000,Eventos Especiales,ALEX,,Eventos Especiales
2026-09-05 00:00:00,Realizado,2026-09-04 00:00:00,Fisico,20916,EXTRA TERRAMAR,PASTOR,JOSE RAMON,Reubicación,Enfriador,V27,62690561B,Moderno,ADOLFO,,
2026-09-05 00:00:00,Realizado,2026-09-04 00:00:00,Fisico,76808,EXTRA VILLAS DEL REY,PASTOR,JOSE RAMON,Reubicación,Enfriador,V27,72600555B,Moderno,ADOLFO,,
2026-09-07 00:00:00,Levantado,2026-09-05 00:00:00,Normal,391813,ANCONA SUC PORTILLO,ALAN,,Levantamiento,Enfriador,DISPENSADOR,22200708B,AP20L,LUIS,,
2026-09-08 00:00:00,Entregado,2026-09-07 00:00:00,Normal,483480,AB EMANUEL,JORGE,OCTAVIO,Entrega,Enfriador,V27,52580717A,Tradicional,EDDIE,,
2026-09-12 00:00:00,Entregado,2026-09-11 00:00:00,Cambio,215331,SUPER CORALES,JORGE,JAVIER,Entrega,Enfriador,V25,72210822W,Tradicional,EDDIE,,
2026-09-12 00:00:00,Levantado,2026-09-11 00:00:00,Cambio,215331,SUPER CORALES,JORGE,JAVIER,Levantamiento,Enfriador,V25,51610882H,Tradicional,EDDIE,,
2026-09-09 00:00:00,Entregado,2026-09-07 00:00:00,Normal,21473,SIX YAQUIS,GEOVANI,CARLOS HUMBERTO,Entrega,Enfriador,V27,32421163A,Tradicional,EDDIE,,
2026-09-08 00:00:00,Levantado,2026-09-07 00:00:00,Normal,362160,PASTELERIA SALMO 23,JORGE,CARLOS HUMBERTO,Levantamiento,Enfriador,V35,72520857A,Tradicional,EDDIE,,
2026-09-08 00:00:00,Levantado,2026-09-07 00:00:00,Normal,24415,TORTILLERIA Y ABARROTES TERESITA,JORGE,ELEAZAR,Levantamiento,Enfriador,V9,42480375Z,Tradicional,LUIS,,
2026-09-09 00:00:00,Levantado,2026-09-07 00:00:00,Normal,22437,ABARROTES MARY,JORGE,JAVIER,Levantamiento,Enfriador,V25,32360150X,Tradicional,LUIS,,
2026-09-09 00:00:00,Levantado,2026-09-07 00:00:00,Normal,22437,ABARROTES MARY,JORGE,JAVIER,Levantamiento,Enfriador,V25,42350539Y,Tradicional,LUIS,,
2026-09-08 00:00:00,Entregado,2026-09-07 00:00:00,Cambio,470583,2905 GUADALAJARA ISLA CONTOY,KARINA,DANIEL ALBORNOZ,Entrega,Enfriador,V12,52620383B,Tradicional,LUIS,,
2026-09-08 00:00:00,Levantado,2026-09-07 00:00:00,Cambio,470583,2905 GUADALAJARA ISLA CONTOY,KARINA,DANIEL ALBORNOZ,Levantamiento,Enfriador,V17,22581216B,Tradicional,LUIS,,
2026-09-08 00:00:00,Entregado,2026-09-07 00:00:00,Normal,483830,VALENTINA,KARINA,DANIEL ALBORNOZ,Entrega,Enfriador,V35,22220193V,Tradicional,EDDIE,,
2026-09-08 00:00:00,Levantado,2026-09-07 00:00:00,Normal,458326,TRES EN UNO,KARINA,FRANK,Levantamiento,Enfriador,G326,N24240401797,Tradicional,LUIS,,
2026-09-08 00:00:00,Entregado,2026-09-07 00:00:00,Cambio,257828,SIX LA CERVECERA,KARINA,MANUEL BARRERA,Entrega,Enfriador,V35,92100311T,Tradicional,LUIS,,
2026-09-08 00:00:00,Levantado,2026-09-07 00:00:00,Cambio,257828,SIX LA CERVECERA,KARINA,MANUEL BARRERA,Levantamiento,Enfriador,V40,01460674A,Tradicional,LUIS,,
2026-09-08 00:00:00,Realizado,2026-09-07 00:00:00,Documental,484094,ANDY 223,KARINA,RENE GONZALEZ,Reubicación,Enfriador,V41,72510145A,Tradicional,EDDIE,,
2026-09-08 00:00:00,Realizado,2026-09-07 00:00:00,Documental,484094,ANDY 223,KARINA,RENE GONZALEZ,Reubicación,Enfriador,V25,42471100A,Tradicional,EDDIE,,
2026-09-08 00:00:00,Realizado,2026-09-07 00:00:00,Documental,484094,ANDY 223,KARINA,RENE GONZALEZ,Reubicación,Enfriador,V12,31480896A,Tradicional,EDDIE,,
2026-09-10 00:00:00,Entregado,2026-09-07 00:00:00,Cambio,314028,ABARROTES PRINCESS,KARINA,FRANK,Entrega,Enfriador,V27,62690562B,Tradicional,LUIS,,
2026-09-10 00:00:00,Cancelado,2026-09-07 00:00:00,Cambio,314028,ABARROTES PRINCESS,KARINA,FRANK,Entrega,Enfriador,V61,,Tradicional,LUIS,NO ENTRA EN EL ESPACIO DEL LOCAL,
2026-09-10 00:00:00,Pendiente,2026-09-07 00:00:00,Cambio,314028,ABARROTES PRINCESS,KARINA,FRANK,Levantamiento,Enfriador,V35,92240988W,Tradicional,LUIS,,
2026-09-10 00:00:00,Levantado,2026-09-07 00:00:00,Cambio,314028,ABARROTES PRINCESS,KARINA,FRANK,Levantamiento,Enfriador,V25,31370615V,Tradicional,LUIS,,
2026-09-08 00:00:00,Entregado,2026-09-08 00:00:00,Cambio,USO INTERNO,ALMACEN DE PUBLICIDAD,,,Entrega,Enfriador,VR04,D93230400068,Uso Interno,VILLEGAS,,
2026-09-08 00:00:00,Entregado,2026-09-08 00:00:00,Normal,USO INTERNO,SALA DE BODEGA,,,Entrega,Enfriador,VR04,D9320030091,Uso Interno,ADOLFO,,
2026-09-09 00:00:00,Entregado,2026-09-08 00:00:00,Normal,20996,EXTRA PUERTO JUAREZ,JOSE RAMON,JOSE LUIS,Entrega,Enfriador,V25,22330500Y,Moderno,LUIS,,
2026-09-09 00:00:00,Entregado,2026-09-08 00:00:00,Normal,147823,OXXO BATALLON,JOSE RAMON,JOSE LUIS,Entrega,Enfriador,FVC20,K17250901981,Moderno,LUIS,,
2026-09-11 00:00:00,Entregado,2026-09-08 00:00:00,Normal,447791,SALA DE DESPECHO,MAURICIO,LUIS SOLIS,Entrega,Enfriador,V25,52210783W,HoReCa,EDDIE,,
2026-09-18 00:00:00,Pendiente,2026-09-08 00:00:00,Normal,447903,LA RESACA,MAURICIO,BERNARDO,Levantamiento,Enfriador,V17,52380100X,HoReCa,EDDIE,EL CLIENTE NO ENTREGO EL EQUIPO,
2026-09-09 00:00:00,Cancelado,2026-09-08 00:00:00,Cambio,57265,MI RANCHITO,MARIO,JESUS,Entrega,Enfriador,V12,,Tradicional,LUIS,OCUPA 1 V17,
2026-09-09 00:00:00,Cancelado,2026-09-08 00:00:00,Cambio,57265,MI RANCHITO,MARIO,JESUS,Levantamiento,Enfriador,V17,11940287R,Tradicional,LUIS,,
2026-09-09 00:00:00,Entregado,2026-09-08 00:00:00,Normal,482901,CREMARIA NETO,MARIO,ELIAN,Entrega,Enfriador,V35,92571068A,Tradicional,LUIS,,
2026-09-09 00:00:00,Entregado,2026-09-08 00:00:00,Normal,474597,MINISUPER BENNY,MARIO,ELIAN,Entrega,Enfriador,V25,11970235R,Tradicional,LUIS,,
2026-09-09 00:00:00,Entregado,2026-09-08 00:00:00,Cambio,436712,TE MEXICAN GIRL,MARIO,JESUS,Entrega,Enfriador,V25,31910721S,Tradicional,LUIS,,
2026-09-09 00:00:00,Levantado,2026-09-08 00:00:00,Cambio,436712,TE MEXICAN GIRL,MARIO,JESUS,Levantamiento,Enfriador,V25,11600397F,Tradicional,LUIS,,
2026-09-09 00:00:00,Levantado,2026-09-08 00:00:00,Normal,474588,LA BENDICION 101,MARIO,ANGEL SUNZA,Levantamiento,Enfriador,V41,42550662A,Tradicional,EDDIE,,
2026-09-15 00:00:00,Pendiente,2026-09-08 00:00:00,Normal,405184,FRUTERIA CHARLY,MARIO,FREDY,Levantamiento,Enfriador,V12,22060822T,Tradicional,ADOLFO,CERRADO,
2026-09-09 00:00:00,Levantado,2026-09-08 00:00:00,Normal,434699,MARIA DE JESUS,MARIO,RICARDO CAHUICH,Levantamiento,Enfriador,V17,81480697Z,Tradicional,EDDIE,,
2026-09-09 00:00:00,Pendiente,2026-09-08 00:00:00,Normal,458788,EL RANCHERO ASADO,MARIO,JUAN DANIEL,Levantamiento,Enfriador,V17,22300567Y,Tradicional,EDDIE,CERRADO,
2026-09-09 00:00:00,Cancelado,2026-09-08 00:00:00,Normal,381338,HOTEL KAWANGO 99,MARIO,RICARDO CAHUICH,Levantamiento,Enfriador,V17,62280883W,Tradicional,EDDIE,"EL PREVENTA DIJO QUE SE CANCELA, EL CLIENTE YA EMPEZO A COMPRAR",
2026-09-09 00:00:00,Levantado,2026-09-08 00:00:00,Normal,375712,12 VARONES,MARIO,JUAN DANIEL,Levantamiento,Enfriador,VR04,D63181200396,Tradicional,EDDIE,,
2026-09-10 00:00:00,Levantado,2026-09-08 00:00:00,Normal,477386,LAS QUEKAS NICHUPTE,MARIO,JORGE TUN,Levantamiento,Enfriador,V17,92420811Z,Tradicional,LUIS,,
2026-09-10 00:00:00,Entregado,2026-09-08 00:00:00,Normal,473320,ASADERO PO YOO EXPRESS,MARIO,RAMIRO,Entrega,Enfriador,V12,21890786P,Tradicional,LUIS,,
2026-09-10 00:00:00,Entregado,2026-09-08 00:00:00,Normal,479141,HOGAR CON VENTA TESSA,MARIO,ELIAN,Entrega,Enfriador,V17,42510682A,Tradicional,LUIS,,
2026-09-14 00:00:00,Levantado,2026-09-08 00:00:00,Normal,430999,CARNITAS JUANITO COMALCALCO,MARIO,JORDAN,Levantamiento,Enfriador,V35,62330192X,Tradicional,EDDIE,,
2026-09-11 00:00:00,Entregado,2026-09-08 00:00:00,Cambio,212771,TIENDA COCOBONGO,MAURICIO,URIEL,Entrega,Enfriador,VRS05,G68211200398,HoReCa,EDDIE,,
2026-09-11 00:00:00,Levantado,2026-09-08 00:00:00,Cambio,212771,TIENDA COCOBONGO,MAURICIO,URIEL,Levantamiento,Enfriador,VRS05,61670461F,HoReCa,EDDIE,,
2026-09-11 00:00:00,Entregado,2026-09-08 00:00:00,Cambio,22019,MINI SUPER LA CAVA,MAURICIO,URIEL,Entrega,Enfriador,V17,22581216B,HoReCa,EDDIE,,
2026-09-11 00:00:00,Levantado,2026-09-08 00:00:00,Cambio,22019,MINI SUPER LA CAVA,MAURICIO,URIEL,Levantamiento,Enfriador,V17,41300364U,HoReCa,EDDIE,,
2026-09-11 00:00:00,Entregado,2026-09-08 00:00:00,Normal,390395,HOTEL MAJESTIC RESORTS,MAURICIO,LUIS SOLIS,Entrega,PostMix,PISTOLA BAR,11457724,HoReCa,EDDIE,,
2026-09-09 00:00:00,Transferido,2026-09-08 00:00:00,Normal,CEDIS,PLAYA,EDDER,,Entrega,Enfriador,DISPENSADOR,02680239B,Cedis,,,
2026-09-09 00:00:00,Transferido,2026-09-08 00:00:00,Normal,CEDIS,PLAYA,EDDER,,Entrega,Enfriador,DISPENSADOR,12620257B,Cedis,,,
2026-09-09 00:00:00,Transferido,2026-09-08 00:00:00,Normal,CEDIS,PLAYA,EDDER,,Entrega,Enfriador,DISPENSADOR,12620282B,Cedis,,,
2026-09-09 00:00:00,Transferido,2026-09-08 00:00:00,Normal,CEDIS,PLAYA,EDDER,,Entrega,Enfriador,DISPENSADOR,02680282B,Cedis,,,
2026-09-09 00:00:00,Transferido,2026-09-08 00:00:00,Normal,CEDIS,PLAYA,EDDER,,Entrega,Enfriador,DISPENSADOR,02670270B,Cedis,,,
2026-09-09 00:00:00,Transferido,2026-09-08 00:00:00,Normal,CEDIS,PLAYA,EDDER,,Entrega,Enfriador,DISPENSADOR,12610207B,Cedis,,,
2026-09-09 00:00:00,Transferido,2026-09-08 00:00:00,Normal,CEDIS,PLAYA,EDDER,,Entrega,Enfriador,DISPENSADOR,02660268B,Cedis,,,
2026-09-09 00:00:00,Transferido,2026-09-08 00:00:00,Normal,CEDIS,PLAYA,EDDER,,Entrega,Enfriador,DISPENSADOR,02680205B,Cedis,,,
2026-09-09 00:00:00,Transferido,2026-09-08 00:00:00,Normal,CEDIS,PLAYA,EDDER,,Entrega,Enfriador,DISPENSADOR,12620274B,Cedis,,,
2026-09-09 00:00:00,Transferido,2026-09-08 00:00:00,Normal,CEDIS,PLAYA,EDDER,,Entrega,Enfriador,DISPENSADOR,02690233B,Cedis,,,
2026-09-09 00:00:00,Transferido,2026-09-08 00:00:00,Normal,CEDIS,PLAYA,EDDER,,Entrega,Enfriador,DISPENSADOR,02690224B,Cedis,,,
2026-09-09 00:00:00,Transferido,2026-09-08 00:00:00,Normal,CEDIS,PLAYA,EDDER,,Entrega,Enfriador,DISPENSADOR,12600220B,Cedis,,,
2026-09-09 00:00:00,Transferido,2026-09-08 00:00:00,Normal,CEDIS,PLAYA,EDDER,,Entrega,Enfriador,DISPENSADOR,02690255B,Cedis,,,
2026-09-09 00:00:00,Transferido,2026-09-08 00:00:00,Normal,CEDIS,PLAYA,EDDER,,Entrega,Enfriador,DISPENSADOR,12600287B,Cedis,,,
2026-09-09 00:00:00,Transferido,2026-09-08 00:00:00,Normal,CEDIS,PLAYA,EDDER,,Entrega,Enfriador,DISPENSADOR,12610252B,Cedis,,,
2026-09-09 00:00:00,Transferido,2026-09-08 00:00:00,Normal,CEDIS,PLAYA,EDDER,,Entrega,Enfriador,DISPENSADOR,12610264B,Cedis,,,
2026-09-09 00:00:00,Transferido,2026-09-08 00:00:00,Normal,CEDIS,PLAYA,EDDER,,Entrega,Enfriador,DISPENSADOR,12600247B,Cedis,,,
2026-09-09 00:00:00,Transferido,2026-09-08 00:00:00,Normal,CEDIS,PLAYA,EDDER,,Entrega,Enfriador,DISPENSADOR,12620297B,Cedis,,,
2026-09-09 00:00:00,Transferido,2026-09-08 00:00:00,Normal,CEDIS,PLAYA,EDDER,,Entrega,Enfriador,DISPENSADOR,02670256B,Cedis,,,
2026-09-09 00:00:00,Transferido,2026-09-08 00:00:00,Normal,CEDIS,PLAYA,EDDER,,Entrega,Enfriador,DISPENSADOR,12630200B,Cedis,,,
2026-09-09 00:00:00,Transferido,2026-09-08 00:00:00,Normal,CEDIS,PLAYA,EDDER,,Entrega,Enfriador,DISPENSADOR,02670251B,Cedis,,,
2026-09-09 00:00:00,Transferido,2026-09-08 00:00:00,Normal,CEDIS,PLAYA,EDDER,,Entrega,Enfriador,DISPENSADOR,12600216B,Cedis,,,
2026-09-09 00:00:00,Transferido,2026-09-08 00:00:00,Normal,CEDIS,PLAYA,EDDER,,Entrega,Enfriador,DISPENSADOR,02660272B,Cedis,,,
2026-09-09 00:00:00,Transferido,2026-09-08 00:00:00,Normal,CEDIS,PLAYA,EDDER,,Entrega,Enfriador,DISPENSADOR,02690230B,Cedis,,,
2026-09-09 00:00:00,Transferido,2026-09-08 00:00:00,Normal,CEDIS,PLAYA,EDDER,,Entrega,Enfriador,DISPENSADOR,12600290B,Cedis,,,
2026-09-09 00:00:00,Transferido,2026-09-08 00:00:00,Normal,CEDIS,PLAYA,EDDER,,Entrega,Enfriador,DISPENSADOR,12620280B,Cedis,,,
2026-09-09 00:00:00,Transferido,2026-09-08 00:00:00,Normal,CEDIS,PLAYA,EDDER,,Entrega,Enfriador,DISPENSADOR,12620295B,Cedis,,,
2026-09-09 00:00:00,Transferido,2026-09-08 00:00:00,Normal,CEDIS,PLAYA,EDDER,,Entrega,Enfriador,DISPENSADOR,02690285B,Cedis,,,
2026-09-09 00:00:00,Transferido,2026-09-08 00:00:00,Normal,CEDIS,PLAYA,EDDER,,Entrega,Enfriador,DISPENSADOR,02690209B,Cedis,,,
2026-09-09 00:00:00,Transferido,2026-09-08 00:00:00,Normal,CEDIS,PLAYA,EDDER,,Entrega,Enfriador,DISPENSADOR,12600259B,Cedis,,,
2026-09-09 00:00:00,Transferido,2026-09-08 00:00:00,Normal,CEDIS,PLAYA,EDDER,,Entrega,Enfriador,DISPENSADOR,12620216B,Cedis,,,
2026-09-09 00:00:00,Transferido,2026-09-08 00:00:00,Normal,CEDIS,PLAYA,EDDER,,Entrega,Enfriador,DISPENSADOR,02690202B,Cedis,,,
2026-09-09 00:00:00,Transferido,2026-09-08 00:00:00,Normal,CEDIS,PLAYA,EDDER,,Entrega,Enfriador,DISPENSADOR,12620281B,Cedis,,,
2026-09-09 00:00:00,Transferido,2026-09-08 00:00:00,Normal,CEDIS,PLAYA,EDDER,,Entrega,Enfriador,DISPENSADOR,02670253B,Cedis,,,
2026-09-09 00:00:00,Transferido,2026-09-08 00:00:00,Normal,CEDIS,PLAYA,EDDER,,Entrega,Enfriador,DISPENSADOR,12600289B,Cedis,,,
2026-09-09 00:00:00,Transferido,2026-09-08 00:00:00,Normal,CEDIS,PLAYA,EDDER,,Entrega,Enfriador,DISPENSADOR,12600264B,Cedis,,,
2026-09-09 00:00:00,Transferido,2026-09-08 00:00:00,Normal,CEDIS,PLAYA,EDDER,,Entrega,Enfriador,DISPENSADOR,02670206B,Cedis,,,
2026-09-09 00:00:00,Transferido,2026-09-08 00:00:00,Normal,CEDIS,PLAYA,EDDER,,Entrega,Enfriador,DISPENSADOR,12610212B,Cedis,,,
2026-09-09 00:00:00,Transferido,2026-09-08 00:00:00,Normal,CEDIS,PLAYA,EDDER,,Entrega,Enfriador,DISPENSADOR,02680278B,Cedis,,,
2026-09-09 00:00:00,Transferido,2026-09-08 00:00:00,Normal,CEDIS,PLAYA,EDDER,,Entrega,Enfriador,DISPENSADOR,02690265B,Cedis,,,
2026-09-09 00:00:00,Transferido,2026-09-08 00:00:00,Normal,CEDIS,PLAYA,EDDER,,Entrega,Enfriador,DISPENSADOR,02680226B,Cedis,,,
2026-09-09 00:00:00,Transferido,2026-09-08 00:00:00,Normal,CEDIS,PLAYA,EDDER,,Entrega,Enfriador,DISPENSADOR,12610289B,Cedis,,,
2026-09-09 00:00:00,Transferido,2026-09-08 00:00:00,Normal,CEDIS,PLAYA,EDDER,,Entrega,Enfriador,DISPENSADOR,02680244B,Cedis,,,
2026-09-09 00:00:00,Transferido,2026-09-08 00:00:00,Normal,CEDIS,PLAYA,EDDER,,Entrega,Enfriador,DISPENSADOR,02690238B,Cedis,,,
2026-09-09 00:00:00,Transferido,2026-09-08 00:00:00,Normal,CEDIS,PLAYA,EDDER,,Entrega,Enfriador,DISPENSADOR,12610246B,Cedis,,,
2026-09-09 00:00:00,Transferido,2026-09-08 00:00:00,Normal,CEDIS,PLAYA,EDDER,,Entrega,Enfriador,DISPENSADOR,02660289B,Cedis,,,
2026-09-09 00:00:00,Transferido,2026-09-08 00:00:00,Normal,CEDIS,PLAYA,EDDER,,Entrega,Enfriador,DISPENSADOR,02690236B,Cedis,,,
2026-09-09 00:00:00,Transferido,2026-09-08 00:00:00,Normal,CEDIS,PLAYA,EDDER,,Entrega,Enfriador,DISPENSADOR,02680201B,Cedis,,,
2026-09-09 00:00:00,Transferido,2026-09-08 00:00:00,Normal,CEDIS,PLAYA,EDDER,,Entrega,Enfriador,DISPENSADOR,12620265B,Cedis,,,
2026-09-09 00:00:00,Transferido,2026-09-08 00:00:00,Normal,CEDIS,PLAYA,EDDER,,Entrega,Enfriador,DISPENSADOR,12630216B,Cedis,,,
2026-09-09 00:00:00,Transferido,2026-09-08 00:00:00,Normal,CEDIS,PLAYA,EDDER,,Entrega,Enfriador,DISPENSADOR,12600251B,Cedis,,,
2026-09-09 00:00:00,Transferido,2026-09-08 00:00:00,Normal,CEDIS,PLAYA,EDDER,,Entrega,Enfriador,DISPENSADOR,12600221B,Cedis,,,
2026-09-09 00:00:00,Transferido,2026-09-08 00:00:00,Normal,CEDIS,PLAYA,EDDER,,Entrega,Enfriador,DISPENSADOR,02670271B,Cedis,,,
2026-09-09 00:00:00,Transferido,2026-09-08 00:00:00,Normal,CEDIS,PLAYA,EDDER,,Entrega,Enfriador,DISPENSADOR,12620268B,Cedis,,,
2026-09-09 00:00:00,Transferido,2026-09-08 00:00:00,Normal,CEDIS,PLAYA,EDDER,,Entrega,Enfriador,DISPENSADOR,12610290B,Cedis,,,
2026-09-09 00:00:00,Transferido,2026-09-08 00:00:00,Normal,CEDIS,PLAYA,EDDER,,Entrega,Enfriador,DISPENSADOR,02670222B,Cedis,,,
2026-09-09 00:00:00,Transferido,2026-09-08 00:00:00,Normal,CEDIS,PLAYA,EDDER,,Entrega,Enfriador,DISPENSADOR,02690207B,Cedis,,,
2026-09-09 00:00:00,Transferido,2026-09-08 00:00:00,Normal,CEDIS,PLAYA,EDDER,,Entrega,Enfriador,DISPENSADOR,02670293B,Cedis,,,
2026-09-09 00:00:00,Transferido,2026-09-08 00:00:00,Normal,CEDIS,PLAYA,EDDER,,Entrega,Enfriador,DISPENSADOR,02670248B,Cedis,,,
2026-09-09 00:00:00,Transferido,2026-09-08 00:00:00,Normal,CEDIS,PLAYA,EDDER,,Entrega,Enfriador,DISPENSADOR,02670205B,Cedis,,,
2026-09-09 00:00:00,Transferido,2026-09-08 00:00:00,Normal,CEDIS,PLAYA,EDDER,,Entrega,Enfriador,DISPENSADOR,02680279B,Cedis,,,
2026-09-09 00:00:00,Transferido,2026-09-08 00:00:00,Normal,CEDIS,PLAYA,EDDER,,Entrega,Enfriador,DISPENSADOR,12610295B,Cedis,,,
2026-09-09 00:00:00,Transferido,2026-09-08 00:00:00,Normal,CEDIS,PLAYA,EDDER,,Entrega,Enfriador,DISPENSADOR,12610287B,Cedis,,,
2026-09-09 00:00:00,Transferido,2026-09-08 00:00:00,Normal,CEDIS,PLAYA,EDDER,,Entrega,Enfriador,V17,92620716B,Cedis,,,
2026-09-09 00:00:00,Transferido,2026-09-08 00:00:00,Normal,CEDIS,PLAYA,EDDER,,Entrega,Enfriador,V17,92620711B,Cedis,,,
2026-09-09 00:00:00,Transferido,2026-09-08 00:00:00,Normal,CEDIS,PLAYA,EDDER,,Entrega,Enfriador,V17,92610784B,Cedis,,,
2026-09-09 00:00:00,Transferido,2026-09-08 00:00:00,Normal,CEDIS,PLAYA,EDDER,,Entrega,Enfriador,V17,92620704B,Cedis,,,
2026-09-09 00:00:00,Transferido,2026-09-08 00:00:00,Normal,CEDIS,PLAYA,EDDER,,Entrega,Enfriador,V17,92620700B,Cedis,,,
2026-09-09 00:00:00,Transferido,2026-09-08 00:00:00,Normal,CEDIS,PLAYA,EDDER,,Entrega,Enfriador,V17,92650884B,Cedis,,,
2026-09-09 00:00:00,Transferido,2026-09-08 00:00:00,Normal,CEDIS,PLAYA,EDDER,,Entrega,Enfriador,V17,92660867B,Cedis,,,
2026-09-09 00:00:00,Transferido,2026-09-08 00:00:00,Normal,CEDIS,PLAYA,EDDER,,Entrega,Enfriador,V17,22200698W,Cedis,,,
2026-09-09 00:00:00,Transferido,2026-09-08 00:00:00,Normal,CEDIS,PLAYA,EDDER,,Entrega,Enfriador,V17,22221201X,Cedis,,,
2026-09-09 00:00:00,Transferido,2026-09-08 00:00:00,Normal,CEDIS,PLAYA,EDDER,,Entrega,Enfriador,V17,11950248R,Cedis,,,
2026-09-09 00:00:00,Transferido,2026-09-08 00:00:00,Normal,CEDIS,PLAYA,EDDER,,Entrega,Enfriador,V17,82540952A,Cedis,,,
2026-09-09 00:00:00,Transferido,2026-09-08 00:00:00,Normal,CEDIS,PLAYA,EDDER,,Entrega,Enfriador,V17,81950672R,Cedis,,,
2026-09-09 00:00:00,Transferido,2026-09-08 00:00:00,Normal,CEDIS,PLAYA,EDDER,,Entrega,Enfriador,V17,12280669W,Cedis,,,
2026-09-09 00:00:00,Transferido,2026-09-08 00:00:00,Normal,CEDIS,PLAYA,EDDER,,Entrega,Enfriador,V17,11960237R,Cedis,,,
2026-09-15 00:00:00,Entregado,2026-09-09 00:00:00,Normal,72068,INTERNATIONAL AMERICAN SCHOOL.,IRVIN EMMANUEL,,Entrega,Enfriador,DISPENSADOR,02590604A,AP20L,ADOLFO,,
2026-09-18 00:00:00,Pendiente,2026-09-09 00:00:00,Normal,438443,MERA ABT3,IRVIN EMMANUEL,,Entrega,Enfriador,DISPENSADOR,,AP20L,LUIS,NO QUISIERON RECIBIR EL EQUIPO,
2026-09-18 00:00:00,Pendiente,2026-09-09 00:00:00,Normal,438443,MERA ABT3,IRVIN EMMANUEL,,Levantamiento,Enfriador,DISPENSADOR,02330657AD,AP20L,LUIS,,
2026-09-18 00:00:00,Pendiente,2026-09-09 00:00:00,Normal,438443,MERA ABT3,IRVIN EMMANUEL,,Levantamiento,Enfriador,DISPENSADOR,32370698AD,AP20L,LUIS,,
2026-09-18 00:00:00,Pendiente,2026-09-09 00:00:00,Normal,438443,MERA ABT3,IRVIN EMMANUEL,,Levantamiento,Enfriador,DISPENSADOR,42270706A,AP20L,LUIS,,
2026-09-18 00:00:00,Pendiente,2026-09-09 00:00:00,Normal,438443,MERA ABT3,IRVIN EMMANUEL,,Levantamiento,Enfriador,DISPENSADOR,02330657AD,AP20L,LUIS,,
2026-09-18 00:00:00,Entregado,2026-09-09 00:00:00,Normal,420450,BRADY LAVANDERIAS,IRVIN EMMANUEL,,Entrega,Enfriador,DISPENSADOR,12630207B,AP20L,LUIS,,
2026-09-18 00:00:00,Entregado,2026-09-09 00:00:00,Normal,420450,BRADY LAVANDERIAS,IRVIN EMMANUEL,,Entrega,Enfriador,DISPENSADOR,02670275B,AP20L,LUIS,,
2026-09-18 00:00:00,Entregado,2026-09-09 00:00:00,Normal,420450,BRADY LAVANDERIAS,IRVIN EMMANUEL,,Entrega,Enfriador,DISPENSADOR,02690259B,AP20L,LUIS,,
2026-09-18 00:00:00,Entregado,2026-09-09 00:00:00,Normal,420450,BRADY LAVANDERIAS,IRVIN EMMANUEL,,Entrega,Enfriador,DISPENSADOR,02540631B,AP20L,LUIS,,
2026-09-18 00:00:00,Entregado,2026-09-09 00:00:00,Normal,420450,BRADY LAVANDERIAS,IRVIN EMMANUEL,,Entrega,Enfriador,DISPENSADOR,12500614A,AP20L,LUIS,,
2026-09-18 00:00:00,Entregado,2026-09-09 00:00:00,Normal,420450,BRADY LAVANDERIAS,IRVIN EMMANUEL,,Entrega,Enfriador,DISPENSADOR,02520667B,AP20L,LUIS,,
2026-09-21 00:00:00,Levantado,2026-09-10 00:00:00,Cambio,474596,CARNICERIA SANCHEZ,JORGE,CARLOS,Levantamiento,Enfriador,V41,22490116Z,Tradicional,ADOLFO,,
2026-09-21 00:00:00,Levantado,2026-09-10 00:00:00,Cambio,474596,CARNICERIA SANCHEZ,JORGE,CARLOS,Levantamiento,Enfriador,V41,72320217X,Tradicional,ADOLFO,,
2026-09-17 00:00:00,Levantado,2026-09-10 00:00:00,Cambio,474596,CARNICERIA SANCHEZ,JORGE,CARLOS,Levantamiento,Enfriador,V27,2560300,Tradicional,EDDIE,,
2026-09-17 00:00:00,Entregado,2026-09-10 00:00:00,Normal,484123,DAVID,GEOVANI,LUIS PACHECO,Entrega,Enfriador,V35,92250913W,Tradicional,ADOLFO,,
2026-09-17 00:00:00,Levantado,2026-09-10 00:00:00,Normal,484123,DAVID,GEOVANI,LUIS PACHECO,Levantamiento,Enfriador,V35,32431168A,Tradicional,ADOLFO,,
2026-09-18 00:00:00,Entregado,2026-09-10 00:00:00,Normal,484123,DAVID,GEOVANI,LUIS PACHECO,Entrega,Enfriador,V35,62340122X,Tradicional,EDDIE,,
2026-09-18 00:00:00,Levantado,2026-09-10 00:00:00,Normal,484123,DAVID,GEOVANI,LUIS PACHECO,Levantamiento,Enfriador,V35,72520857A,Tradicional,EDDIE,,
2026-09-11 00:00:00,Levantado,2026-09-10 00:00:00,Normal,422299,HOTEL BREATHLESS,MAURICIO,EDWIN,Levantamiento,Enfriador,DELTA III 9100,,HoReCa,EDDIE,,
2026-09-11 00:00:00,Entregado,2026-09-11 00:00:00,Normal,484057,TIENDA BOUTIQUE MARINA PUNTA NORTE,MAURICIO,LUIS SOLIS,Entrega,Enfriador,V17,92620725B,HoReCa,EDDIE,,
2026-09-11 00:00:00,Levantado,2026-09-11 00:00:00,Normal,21915,EXTRA EMBARCADERO,JOSE RAMON,PABLO ALEJANDRO,Levantamiento,Enfriador,G313,,Moderno,LUIS,,
2026-09-11 00:00:00,Levantado,2026-09-11 00:00:00,Normal,380710,SEVEN ELEVEN BLVD KUKULCAN,JOSE RAMON,CRISTIAN,Levantamiento,Enfriador,VRS05,G68211200420,Moderno,EDDIE,,
2026-09-11 00:00:00,Levantado,2026-09-11 00:00:00,Normal,469825,ELIZABETH 259,KARINA,ANGEL HERNANDEZ,Levantamiento,Enfriador,V12,21910214R,Tradicional,LUIS,,
2026-09-12 00:00:00,Entregado,2026-09-11 00:00:00,Cambio,310963,SEVEN ELEVEN ACANCEH,JOSE RAMON,ARMANDO,Entrega,Enfriador,G313,N30250801222,Moderno,LUIS,,
2026-09-12 00:00:00,Levantado,2026-09-11 00:00:00,Cambio,310963,SEVEN ELEVEN ACANCEH,JOSE RAMON,ARMANDO,Levantamiento,Enfriador,G313,,Moderno,LUIS,,
2026-09-12 00:00:00,Entregado,2026-09-11 00:00:00,Normal,241402,OXXO 18401 GRILLOS,JOSE RAMON,ARMANDO,Entrega,Enfriador,FVC20,K17250901977,Moderno,LUIS,,
2026-09-12 00:00:00,Entregado,2026-09-11 00:00:00,Normal,484193,OXXO VIOLETAS,JOSE RAMON,JUAN GALMICHE,Entrega,Enfriador,FVC20,K17250902129,Moderno,EDDIE,,
2026-09-12 00:00:00,Entregado,2026-09-11 00:00:00,Cambio,21108,DUNOSUSA AV NIÑOS HEROES 229,JOSE RAMON,MAVILO,Entrega,Enfriador,V35,92630787B,Moderno,EDDIE,,
2026-09-12 00:00:00,Entregado,2026-09-11 00:00:00,Cambio,21108,DUNOSUSA AV NIÑOS HEROES 229,JOSE RAMON,MAVILO,Entrega,Enfriador,V35,92630771B,Moderno,EDDIE,,
2026-09-12 00:00:00,Levantado,2026-09-11 00:00:00,Cambio,21108,DUNOSUSA AV NIÑOS HEROES 229,JOSE RAMON,MAVILO,Levantamiento,Enfriador,V56,21511143E,Moderno,EDDIE,,
2026-09-12 00:00:00,Levantado,2026-09-11 00:00:00,Cambio,21108,DUNOSUSA AV NIÑOS HEROES 229,JOSE RAMON,MAVILO,Levantamiento,Enfriador,V12,61981271S,Moderno,EDDIE,,
2026-09-14 00:00:00,Entregado,2026-09-11 00:00:00,Cambio,21111,DUNOSUSA TALLERES,JOSE RAMON,MAVILO,Entrega,Enfriador,V35,92630789B,Moderno,EDDIE,,
2026-09-14 00:00:00,Entregado,2026-09-11 00:00:00,Cambio,21111,DUNOSUSA TALLERES,JOSE RAMON,MAVILO,Entrega,Enfriador,V25,72240800W,Moderno,EDDIE,,
2026-09-14 00:00:00,Levantado,2026-09-11 00:00:00,Cambio,21111,DUNOSUSA TALLERES,JOSE RAMON,MAVILO,Levantamiento,Enfriador,V56,01570474C,Moderno,EDDIE,,
2026-09-15 00:00:00,Entregado,2026-09-11 00:00:00,Normal,484125,LOLI S,JORGE,DARWIN,Entrega,Enfriador,V41,62460620Z,Tradicional,ADOLFO,,
2026-09-12 00:00:00,Levantado,2026-09-11 00:00:00,Normal,270160,AB LEONEL,KARINA,RENE GONZALEZ,Levantamiento,Enfriador,V17,61780972M,Tradicional,LUIS,,
2026-09-12 00:00:00,Entregado,2026-09-11 00:00:00,Cambio,19289,AB ADRIEL,KARINA,RENE GONZALEZ,Entrega,Enfriador,V61,32690131B,Tradicional,LUIS,,
2026-09-12 00:00:00,Levantado,2026-09-11 00:00:00,Cambio,19289,AB ADRIEL,KARINA,RENE GONZALEZ,Levantamiento,Enfriador,V61,82450865Z,Tradicional,LUIS,,
2026-09-14 00:00:00,Entregado,2026-09-11 00:00:00,Cambio,314028,ABARROTES PRINCESS,KARINA,FRANK,Entrega,Enfriador,V27,92620798B,Tradicional,LUIS,,
2026-09-14 00:00:00,Entregado,2026-09-11 00:00:00,Cambio,314028,ABARROTES PRINCESS,KARINA,FRANK,Entrega,Enfriador,V27,92630713B,Tradicional,LUIS,,
2026-09-14 00:00:00,Levantado,2026-09-11 00:00:00,Cambio,314028,ABARROTES PRINCESS,KARINA,FRANK,Levantamiento,Enfriador,V35,92240988W,Tradicional,LUIS,,
2026-09-15 00:00:00,Cancelado,2026-09-11 00:00:00,Normal,484097,IBIZA,KARINA,DANIEL ALBORNOZ,Entrega,Enfriador,V35,,Tradicional,,CLIENTE SIN LOCAL,
2026-09-15 00:00:00,Cancelado,2026-09-11 00:00:00,Normal,484097,IBIZA,KARINA,DANIEL ALBORNOZ,Entrega,Enfriador,V35,,Tradicional,,CLIENTE SIN LOCAL,
2026-09-12 00:00:00,Entregado,2026-09-12 00:00:00,Cambio,350673,CARNITAS ESTILO MICHOACAN,JORGE,UBALDO,Entrega,Enfriador,V25,52031120T,Tradicional,EDDIE,,
2026-09-12 00:00:00,Levantado,2026-09-12 00:00:00,Cambio,350673,CARNITAS ESTILO MICHOACAN,JORGE,UBALDO,Levantamiento,Enfriador,V25,71830149N,Tradicional,EDDIE,,
2026-09-14 00:00:00,Entregado,2026-09-12 00:00:00,Cambio,197341,CHEDRAUI CHAC MOOL,PASTOR,VICTOR GIRON,Entrega,Enfriador,G313,N30250801119,Moderno,LUIS,,
2026-09-14 00:00:00,Levantado,2026-09-12 00:00:00,Cambio,197341,CHEDRAUI CHAC MOOL,PASTOR,VICTOR GIRON,Levantamiento,Enfriador,G313,,Moderno,LUIS,,
2026-09-14 00:00:00,Entregado,2026-09-12 00:00:00,Cambio,475432,EL CENTENARIO,KARINA,MANUEL BARRERA,Entrega,Enfriador,V25,82050202S,Tradicional,EDDIE,,
2026-09-14 00:00:00,Levantado,2026-09-12 00:00:00,Cambio,475432,EL CENTENARIO,KARINA,MANUEL BARRERA,Levantamiento,Enfriador,V17,,Tradicional,EDDIE,,
2026-09-14 00:00:00,Entregado,2026-09-12 00:00:00,Normal,477195,ABARROTES ABELINA,KARINA,MANUEL BARRERA,Entrega,Enfriador,V25,41930417R,Tradicional,EDDIE,,
2026-09-14 00:00:00,Entregado,2026-09-12 00:00:00,Normal,478017,GANSITO,KARINA,JOSTHIN ALEIXANDRE,Entrega,Enfriador,V35,92630776B,Tradicional,LUIS,,
2026-09-15 00:00:00,Entregado,2026-09-12 00:00:00,Cambio,317598,LA PALAPA ROJA,JORGE,MARVIN,Entrega,Enfriador,V35,92030337S,Tradicional,ADOLFO,,
2026-09-15 00:00:00,Levantado,2026-09-12 00:00:00,Cambio,317598,LA PALAPA ROJA,JORGE,MARVIN,Levantamiento,Enfriador,V35,01601104J,Tradicional,ADOLFO,,
2026-09-14 00:00:00,Levantado,2026-09-12 00:00:00,Normal,476005,ABARROTES LUCHY 2,MARIO,BERNARDO,Levantamiento,Enfriador,V25,,Tradicional,EDDIE,,
2026-09-15 00:00:00,Realizado,2026-09-14 00:00:00,Fisico,430999,CARNITAS JUANITO SUC MATRIZ,MARIO,RICARDO CAHUICH,Reubicación,Enfriador,V35,62330192X,Tradicional,ADOLFO,,
2026-09-15 00:00:00,Cancelado,2026-09-14 00:00:00,Normal,430999,CARNITAS JUANITO SUC MATRIZ,MARIO,RICARDO CAHUICH,Entrega,Enfriador,V17,,Tradicional,ADOLFO,OCUPA EQUIPO DE 2 PUERTAS,
2026-09-15 00:00:00,Entregado,2026-09-14 00:00:00,Normal,20419,SORIANA LA LUNA,MAURICIO,AXEL,Entrega,Enfriador,VR08,D61221200897,Moderno,ADOLFO,,
2026-09-15 00:00:00,Entregado,2026-09-14 00:00:00,Normal,20419,SORIANA LA LUNA,MAURICIO,AXEL,Entrega,Enfriador,VRS05,G68220903324,Moderno,ADOLFO,,
2026-09-15 00:00:00,Transferido,2026-09-14 00:00:00,Normal,CEDIS,PLAYA,EDDER,,Entrega,Enfriador,G326,N24240401888,Cedis,,,
2026-09-15 00:00:00,Transferido,2026-09-14 00:00:00,Normal,CEDIS,PLAYA,EDDER,,Entrega,Enfriador,G326,N24240401010,Cedis,,,
2026-09-15 00:00:00,Transferido,2026-09-14 00:00:00,Normal,CEDIS,PLAYA,EDDER,,Entrega,Enfriador,G326,N24240401506,Cedis,,,
2026-09-15 00:00:00,Transferido,2026-09-14 00:00:00,Normal,CEDIS,PLAYA,EDDER,,Entrega,Enfriador,G326,N24240401157,Cedis,,,
2026-09-15 00:00:00,Transferido,2026-09-14 00:00:00,Normal,CEDIS,PLAYA,EDDER,,Entrega,Enfriador,V25,22060803T,Cedis,,,
2026-09-15 00:00:00,Transferido,2026-09-14 00:00:00,Normal,CEDIS,PLAYA,EDDER,,Entrega,Enfriador,V25,02201092X,Cedis,,,
2026-09-15 00:00:00,Transferido,2026-09-14 00:00:00,Normal,CEDIS,PLAYA,EDDER,,Entrega,Enfriador,V25,72220877W,Cedis,,,
2026-09-15 00:00:00,Transferido,2026-09-14 00:00:00,Normal,CEDIS,PLAYA,EDDER,,Entrega,Enfriador,V25,02060402T,Cedis,,,
2026-09-15 00:00:00,Transferido,2026-09-14 00:00:00,Normal,CEDIS,PLAYA,EDDER,,Entrega,Enfriador,V27,92630709B,Cedis,,,
2026-09-15 00:00:00,Transferido,2026-09-14 00:00:00,Normal,CEDIS,PLAYA,EDDER,,Entrega,Enfriador,V27,92630708B,Cedis,,,
2026-09-15 00:00:00,Transferido,2026-09-14 00:00:00,Normal,CEDIS,PLAYA,EDDER,,Entrega,Enfriador,V27,92630726B,Cedis,,,
2026-09-15 00:00:00,Transferido,2026-09-14 00:00:00,Normal,CEDIS,PLAYA,EDDER,,Entrega,Enfriador,V17,92620722B,Cedis,,,
2026-09-17 00:00:00,Pendiente,2026-09-15 00:00:00,Normal,353498,NOVEDADES ESTHER,MARIO,RICARDO CAHUICH,Levantamiento,Enfriador,V17,91450657Z,Tradicional,ADOLFO,LOCAL CERRADO,
2026-09-17 00:00:00,Levantado,2026-09-15 00:00:00,Normal,368955,ABARROTES DOÑA LIZ II,MARIO,LUIS RIOS,Levantamiento,Enfriador,V9,52130940U,Tradicional,ADOLFO,,
2026-09-17 00:00:00,Entregado,2026-09-15 00:00:00,Cambio,448074,BON PANE AV NIÑO HEROES,MARIO,JORGE TUN,Entrega,Enfriador,G342,M51260100005,Tradicional,ADOLFO,,
2026-09-17 00:00:00,Levantado,2026-09-15 00:00:00,Cambio,448074,BON PANE AV NIÑO HEROES,MARIO,JORGE TUN,Levantamiento,Enfriador,V35,62340105X,Tradicional,ADOLFO,,
2026-09-18 00:00:00,Entregado,2026-09-15 00:00:00,Cambio,44010,LAS HIJAS DE LA TOSTADA,MAURICIO,EDWIN,Entrega,Enfriador,VR1.5,D64221200356,HoReCa,LUIS,,
2026-09-18 00:00:00,Pendiente,2026-09-15 00:00:00,Cambio,44010,LAS HIJAS DE LA TOSTADA,MAURICIO,EDWIN,Levantamiento,Enfriador,VR1.5,D64221200371,HoReCa,LUIS,,
2026-09-18 00:00:00,Entregado,2026-09-15 00:00:00,Cambio,440140,LAS HIJAS DE LA TOSTADA,MAURICIO,EDWIN,Entrega,Enfriador,V9,82680652B,HoReCa,LUIS,,
2026-09-18 00:00:00,Pendiente,2026-09-15 00:00:00,Cambio,440140,LAS HIJAS DE LA TOSTADA,MAURICIO,EDWIN,Levantamiento,Enfriador,V9,62590824A,HoReCa,LUIS,,
2026-09-18 00:00:00,Entregado,2026-09-15 00:00:00,Normal,484330,JOSE MANUEL VERA GALLEGOS,LIMBERGH,,Entrega,Enfriador,V12,81950147Q,Eventos Especiales,ALEX,,
2026-09-18 00:00:00,Entregado,2026-09-15 00:00:00,Cambio,473863,JEHOVA ES MI PASTOR,JORGE,ALEX IVAN,Entrega,Enfriador,G342,M51260100038,Tradicional,EDDIE,,
2026-09-18 00:00:00,Levantado,2026-09-15 00:00:00,Cambio,473863,JEHOVA ES MI PASTOR,JORGE,ALEX IVAN,Levantamiento,Enfriador,V17,82120256T,Tradicional,EDDIE,,
2026-09-17 00:00:00,Levantado,2026-09-15 00:00:00,Normal,424364,EL MILAGRO KUSAMIL,JORGE,ABEL,Levantamiento,Enfriador,V35,72310266X,Tradicional,ADOLFO,,
2026-09-17 00:00:00,Levantado,2026-09-15 00:00:00,Normal,471678,AB LA VISION 3,JORGE,ABEL,Levantamiento,Enfriador,V25,22590579,Tradicional,ADOLFO,,
2026-09-17 00:00:00,Entregado,2026-09-15 00:00:00,Normal,484155,DREAMS STORE,JORGE,DARWIN,Entrega,Enfriador,V41,62460608Z,Tradicional,ADOLFO,,
2026-09-17 00:00:00,Entregado,2026-09-17 00:00:00,Normal,12345,DUNOSUSA PRADO NORTE,JOSE RAMON,JOSE NARANJOS,Entrega,Enfriador,V25,92690896B,Moderno,EDDIE,,
2026-09-17 00:00:00,Entregado,2026-09-17 00:00:00,Normal,12345,DUNOSUSA PRADO NORTE,JOSE RAMON,JOSE NARANJOS,Entrega,Enfriador,V25,92690883B,Moderno,EDDIE,,
2026-09-17 00:00:00,Levantado,2026-09-17 00:00:00,Normal,12345,DUNOSUSA PRADO NORTE,JOSE RAMON,JOSE NARANJOS,Levantamiento,Enfriador,V56,41900837S,Moderno,EDDIE,,
2026-09-17 00:00:00,Levantado,2026-09-17 00:00:00,Normal,380711,SEVEN ELEVEN CENTRALIA,JOSE RAMON,SAMUEL BALAM,Levantamiento,Enfriador,G313,N30250801191,Moderno,EDDIE,,
2026-09-17 00:00:00,Levantado,2026-09-17 00:00:00,Normal,76808,EXTRA VILLAS DEL REY,JOSE RAMON,SAMUEL BALAM,Levantamiento,Enfriador,V27,72600555B,Moderno,EDDIE,,
2026-09-19 00:00:00,Entregado,2026-09-17 00:00:00,Normal,464640,CHEDRAUI RANCHO VIEJO,PASTOR,JOSE ALFREDO,Entrega,Enfriador,VRS05,G68211200385,Moderno,EDDIE,,
2026-09-17 00:00:00,Entregado,2026-09-15 00:00:00,Normal,483345,MS JOSHUA,KARINA,MANUEL BARRERA,Entrega,Enfriador,V25,52150968U,Tradicional,EDDIE,,
2026-09-17 00:00:00,Entregado,2026-09-15 00:00:00,Normal,291894,TORTILLERIA CHIQUIS,KARINA,RENE GONZALEZ,Entrega,Enfriador,V35,42180853U,Tradicional,EDDIE,,
2026-09-19 00:00:00,Entregado,2026-09-15 00:00:00,Cambio,19606,SIX FELIZ,KARINA,ISRAEL,Entrega,Enfriador,V35,92070344S,Tradicional,EDDIE,,
2026-09-19 00:00:00,Levantado,2026-09-15 00:00:00,Cambio,19606,SIX FELIZ,KARINA,ISRAEL,Levantamiento,Enfriador,V40,01590949D,Tradicional,EDDIE,,
2026-09-17 00:00:00,Entregado,2026-09-17 00:00:00,Cambio,337200,ABARROTES LA POLVADERA,JORGE,ALEX IVAN,Entrega,Enfriador,V25,12350464Y,Tradicional,EDDIE,,
2026-09-17 00:00:00,Levantado,2026-09-17 00:00:00,Cambio,337200,ABARROTES LA POLVADERA,JORGE,ALEX IVAN,Levantamiento,Enfriador,V40,3131887W,Tradicional,EDDIE,,
2026-09-17 00:00:00,Levantado,2026-09-15 00:00:00,Normal,374539,FRUTERIA ISRAEL,GEOVANI,JUAN ANTONIO,Levantamiento,Enfriador,V41,92300913Y,Tradicional,EDDIE,,
2026-09-17 00:00:00,Levantado,2026-09-15 00:00:00,Normal,310445,MINISUPER ROSALINDA,GEOVANI,JUAN ANTONIO,Levantamiento,Enfriador,V40,3250950T,Tradicional,EDDIE,,
2026-09-18 00:00:00,Entregado,2026-09-15 00:00:00,Cambio,307607,ABARROTES CELY,GEOVANI,JUAN ANTONIO,Entrega,Enfriador,V27,72600555B,Tradicional,EDDIE,,
2026-09-18 00:00:00,Levantado,2026-09-15 00:00:00,Cambio,307607,ABARROTES CELY,GEOVANI,JUAN ANTONIO,Levantamiento,Enfriador,V25,71840120N,Tradicional,EDDIE,,
2026-09-24 00:00:00,Pendiente,2026-09-15 00:00:00,Cambio,65554,SIX PALMAR,GEOVANI,IVAN,Entrega,Enfriador,V25,02050451T,Tradicional,LUIS,,
2026-09-24 00:00:00,Pendiente,2026-09-15 00:00:00,Cambio,65554,SIX PALMAR,GEOVANI,IVAN,Entrega,Enfriador,V25,02050448T,Tradicional,LUIS,,
2026-09-24 00:00:00,Pendiente,2026-09-15 00:00:00,Cambio,65554,SIX PALMAR,GEOVANI,IVAN,Levantamiento,Enfriador,V56,51960403R,Tradicional,LUIS,,
2026-09-17 00:00:00,Levantado,2026-09-15 00:00:00,Normal,431045,ABARROTES ANGISABEL,KARINA,JOSTHIN ALEIXANDRE,Levantamiento,Enfriador,V41,32680147B,Tradicional,ADOLFO,,
2026-09-17 00:00:00,Levantado,2026-09-15 00:00:00,Normal,456381,PALAPITA ZONA HOTELERA,MAURICIO,EDWIN,Levantamiento,Enfriador,V17,32420159Z,HoReCa,LUIS,,
2026-09-17 00:00:00,Levantado,2026-09-15 00:00:00,Normal,456381,PALAPITA ZONA HOTELERA,MAURICIO,EDWIN,Levantamiento,Enfriador,V17,32420178Z,HoReCa,LUIS,,
2026-09-17 00:00:00,Transferido,2026-09-15 00:00:00,Normal,CEDIS,CHETUMAL,MARTHA,,Entrega,Enfriador,V25,12281277X,Cedis,,,
2026-09-17 00:00:00,Transferido,2026-09-15 00:00:00,Normal,CEDIS,CHETUMAL,MARTHA,,Entrega,Enfriador,V25,72240866W,Cedis,,,
2026-09-17 00:00:00,Transferido,2026-09-15 00:00:00,Normal,CEDIS,CHETUMAL,MARTHA,,Entrega,Enfriador,V25,92320905Y,Cedis,,,
2026-09-17 00:00:00,Transferido,2026-09-15 00:00:00,Normal,CEDIS,CHETUMAL,MARTHA,,Entrega,Enfriador,V25,62310188X,Cedis,,,
2026-09-17 00:00:00,Transferido,2026-09-15 00:00:00,Normal,CEDIS,CHETUMAL,MARTHA,,Entrega,Enfriador,V25,02040409T,Cedis,,,
2026-09-17 00:00:00,Transferido,2026-09-15 00:00:00,Normal,CEDIS,CHETUMAL,MARTHA,,Entrega,Enfriador,V25,02231031X,Cedis,,,
2026-09-17 00:00:00,Transferido,2026-09-15 00:00:00,Normal,CEDIS,CHETUMAL,MARTHA,,Entrega,Enfriador,G326,N24240400881,Cedis,,,
2026-09-17 00:00:00,Transferido,2026-09-15 00:00:00,Normal,CEDIS,CHETUMAL,MARTHA,,Entrega,Enfriador,G326,N24240401115,Cedis,,,
2026-09-17 00:00:00,Transferido,2026-09-15 00:00:00,Normal,CEDIS,CHETUMAL,MARTHA,,Entrega,Enfriador,G326,N24240401792,Cedis,,,
2026-09-17 00:00:00,Transferido,2026-09-15 00:00:00,Normal,CEDIS,CHETUMAL,MARTHA,,Entrega,Enfriador,G326,N24240401100,Cedis,,,
2026-09-17 00:00:00,Transferido,2026-09-15 00:00:00,Normal,CEDIS,CHETUMAL,MARTHA,,Entrega,Enfriador,G326,N24240401166,Cedis,,,
2026-09-17 00:00:00,Transferido,2026-09-15 00:00:00,Normal,CEDIS,CHETUMAL,MARTHA,,Entrega,Enfriador,G326,N24240401019,Cedis,,,
2026-09-18 00:00:00,Levantado,2026-09-15 00:00:00,Normal,315002,SUNCAPE CANCUN ZONA HOTELERA,MAURICIO,DONACIANO,Levantamiento,Enfriador,H9,51960485R,HoReCa,LUIS,,
2026-09-18 00:00:00,Levantado,2026-09-15 00:00:00,Normal,315002,SUNCAPE CANCUN ZONA HOTELERA,MAURICIO,DONACIANO,Levantamiento,PostMix,PISTOLA BAR,,HoReCa,LUIS,,
2026-09-18 00:00:00,Entregado,2026-09-17 00:00:00,Cambio,408496,CHEDRAUI SELECTO ZONA HOTELERA,PASTOR,VICTOR GIRON,Entrega,Enfriador,V27,42640214B,Moderno,LUIS,,
2026-09-18 00:00:00,Entregado,2026-09-17 00:00:00,Cambio,408496,CHEDRAUI SELECTO ZONA HOTELERA,PASTOR,VICTOR GIRON,Entrega,Enfriador,V27,42630257B,Moderno,LUIS,,
2026-09-18 00:00:00,Levantado,2026-09-17 00:00:00,Cambio,408496,CHEDRAUI SELECTO ZONA HOTELERA,PASTOR,VICTOR GIRON,Levantamiento,Enfriador,V17,42650210,Moderno,LUIS,,
2026-09-18 00:00:00,Entregado,2026-09-18 00:00:00,Cambio,201296,DUNOSUSA LAS QUINTAS,JOSE RAMON,JOSE NARANJOS,Entrega,Enfriador,V35,92630779B,Moderno,EDDIE,,
2026-09-18 00:00:00,Levantado,2026-09-18 00:00:00,Cambio,201296,DUNOSUSA LAS QUINTAS,JOSE RAMON,JOSE NARANJOS,Levantamiento,Enfriador,V35,12170500U,Moderno,EDDIE,,
2026-09-18 00:00:00,Transferido,2026-09-17 00:00:00,Normal,CEDIS,PLAYA,EDDER,,Entrega,PostMix,PISTOLA BAR,11433885,Cedis,LUIS,,
2026-09-18 00:00:00,Transferido,2026-09-17 00:00:00,Normal,CEDIS,PLAYA,EDDER,,Entrega,PostMix,PISTOLA BAR,11449244,Cedis,LUIS,,
2026-09-18 00:00:00,Transferido,2026-09-17 00:00:00,Normal,CEDIS,PLAYA,EDDER,,Entrega,PostMix,PISTOLA BAR,11449250,Cedis,LUIS,,
2026-09-18 00:00:00,Transferido,2026-09-17 00:00:00,Normal,CEDIS,PLAYA,EDDER,,Entrega,PostMix,PISTOLA BAR,11433886,Cedis,LUIS,,
2026-09-18 00:00:00,Transferido,2026-09-17 00:00:00,Normal,CEDIS,PLAYA,EDDER,,Entrega,PostMix,PISTOLA BAR,11444618,Cedis,LUIS,,
2026-09-18 00:00:00,Transferido,2026-09-17 00:00:00,Normal,CEDIS,PLAYA,EDDER,,Entrega,PostMix,PISTOLA BAR,11457722,Cedis,LUIS,,
2026-09-18 00:00:00,Transferido,2026-09-17 00:00:00,Normal,CEDIS,PLAYA,EDDER,,Entrega,PostMix,PISTOLA BAR,11449216,Cedis,LUIS,,
2026-09-18 00:00:00,Transferido,2026-09-17 00:00:00,Normal,CEDIS,PLAYA,EDDER,,Entrega,PostMix,PISTOLA BAR,11457718,Cedis,LUIS,,
2026-09-18 00:00:00,Transferido,2026-09-17 00:00:00,Normal,CEDIS,PLAYA,EDDER,,Entrega,PostMix,PISTOLA BAR,11435354,Cedis,LUIS,,
2026-09-18 00:00:00,Transferido,2026-09-17 00:00:00,Normal,CEDIS,PLAYA,EDDER,,Entrega,PostMix,PISTOLA BAR,11449261,Cedis,LUIS,,
2026-09-18 00:00:00,Transferido,2026-09-17 00:00:00,Normal,CEDIS,PLAYA,EDDER,,Entrega,PostMix,PISTOLA BAR,11449260,Cedis,LUIS,,
2026-09-18 00:00:00,Transferido,2026-09-17 00:00:00,Normal,CEDIS,PLAYA,EDDER,,Entrega,PostMix,PISTOLA BAR,11449220,Cedis,LUIS,,
2026-09-18 00:00:00,Transferido,2026-09-17 00:00:00,Normal,CEDIS,PLAYA,EDDER,,Entrega,PostMix,PISTOLA BAR,11433881,Cedis,LUIS,,
2026-09-18 00:00:00,Transferido,2026-09-17 00:00:00,Normal,CEDIS,PLAYA,EDDER,,Entrega,PostMix,PISTOLA BAR,11435353,Cedis,LUIS,,
2026-09-18 00:00:00,Transferido,2026-09-17 00:00:00,Normal,CEDIS,PLAYA,EDDER,,Entrega,PostMix,PISTOLA BAR,11449248,Cedis,LUIS,,
2026-09-18 00:00:00,Transferido,2026-09-17 00:00:00,Normal,CEDIS,PLAYA,EDDER,,Entrega,PostMix,PISTOLA BAR,11449243,Cedis,LUIS,,
2026-09-18 00:00:00,Transferido,2026-09-17 00:00:00,Normal,CEDIS,PLAYA,EDDER,,Entrega,PostMix,PISTOLA BAR,11449264,Cedis,LUIS,,
2026-09-18 00:00:00,Transferido,2026-09-17 00:00:00,Normal,CEDIS,PLAYA,EDDER,,Entrega,PostMix,PISTOLA BAR,11449263,Cedis,LUIS,,
2026-09-18 00:00:00,Transferido,2026-09-17 00:00:00,Normal,CEDIS,PLAYA,EDDER,,Entrega,PostMix,PISTOLA BAR,11449241,Cedis,LUIS,,
2026-09-18 00:00:00,Transferido,2026-09-17 00:00:00,Normal,CEDIS,PLAYA,EDDER,,Entrega,PostMix,PISTOLA BAR,11433884,Cedis,LUIS,,
2026-09-18 00:00:00,Transferido,2026-09-17 00:00:00,Normal,CEDIS,PLAYA,EDDER,,Entrega,PostMix,PISTOLA BAR,11449245,Cedis,LUIS,,
2026-09-18 00:00:00,Transferido,2026-09-17 00:00:00,Normal,CEDIS,PLAYA,EDDER,,Entrega,PostMix,PISTOLA BAR,11449238,Cedis,LUIS,,
2026-09-18 00:00:00,Transferido,2026-09-17 00:00:00,Normal,CEDIS,PLAYA,EDDER,,Entrega,PostMix,PISTOLA BAR,11449269,Cedis,LUIS,,
2026-09-18 00:00:00,Transferido,2026-09-17 00:00:00,Normal,CEDIS,PLAYA,EDDER,,Entrega,PostMix,PISTOLA BAR,11333238,Cedis,LUIS,,
2026-09-18 00:00:00,Transferido,2026-09-17 00:00:00,Normal,CEDIS,PLAYA,EDDER,,Entrega,PostMix,PISTOLA BAR,11457721,Cedis,LUIS,,
2026-09-18 00:00:00,Transferido,2026-09-17 00:00:00,Normal,CEDIS,PLAYA,EDDER,,Entrega,PostMix,PISTOLA BAR,11433880,Cedis,LUIS,,
2026-09-18 00:00:00,Transferido,2026-09-17 00:00:00,Normal,CEDIS,PLAYA,EDDER,,Entrega,PostMix,PISTOLA BAR,11435357,Cedis,LUIS,,
2026-09-18 00:00:00,Transferido,2026-09-17 00:00:00,Normal,CEDIS,PLAYA,EDDER,,Entrega,PostMix,PISTOLA BAR,11457723,Cedis,LUIS,,
2026-09-18 00:00:00,Transferido,2026-09-17 00:00:00,Normal,CEDIS,PLAYA,EDDER,,Entrega,PostMix,PISTOLA BAR,11435358,Cedis,LUIS,,
2026-09-18 00:00:00,Transferido,2026-09-17 00:00:00,Normal,CEDIS,PLAYA,EDDER,,Entrega,PostMix,PISTOLA BAR,11449221,Cedis,LUIS,,
2026-09-22 00:00:00,Entregado,2026-09-17 00:00:00,Normal,484332,VENDING RELLENO SANITARIO,JULIO CESAR,JOSE ALBERTO,Entrega,Vending,VENDO 821,440632,Vending,EDDIE,,
2026-09-19 00:00:00,Levantado,2026-09-18 00:00:00,Normal,343841,POLLO FELIZ COLOSIO,CRISTIAN,RENE CHABLE,Levantamiento,Enfriador,V12,21340343U,Tradicional,EDDIE,,
2026-09-23 00:00:00,Levantado,2026-09-18 00:00:00,Normal,452204,GRAN ELOTE P LAS AMERICAS,CRISTIAN,RENE CHABLE,Levantamiento,Enfriador,V17,51650819H,Tradicional,ADOLFO,,
2026-09-25 00:00:00,Pendiente,2026-09-18 00:00:00,Normal,484188,LA BAMBA ES JAROCHA,CRISTIAN,JORGE TUN,Entrega,Enfriador,V17,62161095U,Tradicional,ADOLFO,,
2026-09-23 00:00:00,Entregado,2026-09-18 00:00:00,Cambio,19873,ANTOJITOS FANNI,CRISTIAN,JORGE TUN,Entrega,Enfriador,G319,N12240401628,Tradicional,LUIS,,
2026-09-23 00:00:00,Levantado,2026-09-18 00:00:00,Cambio,19873,ANTOJITOS FANNI,CRISTIAN,JORGE TUN,Levantamiento,Enfriador,V17,22231278X,Tradicional,LUIS,,
2026-09-15 00:00:00,Pendiente,2026-09-14 00:00:00,Normal,USO INTERNO,AUDITORIO PLANTA NORTE,,,Entrega,Enfriador,V25,32360131X,Uso Interno,ADOLFO,,
2026-09-24 00:00:00,Pendiente,2026-09-18 00:00:00,Normal,209991,DUNOSUSA GALAXIAS DEL SOL,JOSE RAMON,MAVILO,Entrega,Enfriador,V25,02600832C,Moderno,LUIS,,
2026-09-19 00:00:00,Levantado,2026-09-18 00:00:00,Normal,20986,OXXO 13616 SAN MIGUEL,JOSE RAMON,JOSE LUIS,Levantamiento,Enfriador,FVC20,D56191001020,Moderno,LUIS,,
2026-09-19 00:00:00,Entregado,2026-09-18 00:00:00,Normal,USO INTERNO,COMEDOR CEDIS CANCUN,,,Entrega,Enfriador,DISPENSADOR,02580673A,Uso Interno,LUIS,,
2026-09-19 00:00:00,Entregado,2026-09-18 00:00:00,Normal,USO INTERNO,OFICINA DE VENTAS AGUA PURIFICADA 20 L,,,Entrega,Enfriador,DISPENSADOR,02690218B,Uso Interno,EDDIE,,
2026-09-18 00:00:00,Levantado,2026-09-18 00:00:00,Normal,24742,ABARROTES MIGUELITO,GEOVANI,ELEAZAR,Levantamiento,Enfriador,V35,22490139Z,Tradicional,EDDIE,,
2026-09-18 00:00:00,Levantado,2026-09-18 00:00:00,Normal,304347,ABARROTES YOBANA,GEOVANI,,Levantamiento,Enfriador,V25,82290934W,Tradicional,EDDIE,,
2026-09-18 00:00:00,Pendiente,2026-09-18 00:00:00,Normal,361944,TORTILLERIA DEL MAR,GEOVANI,,Levantamiento,Enfriador,V41,32680112B,Tradicional,EDDIE,,
2026-09-23 00:00:00,Entregado,2026-09-19 00:00:00,Cambio,312185,ABARROTES FER,GEOVANI,LUIS RIOS,Entrega,Enfriador,V41,92640716B,Tradicional,LUIS,,
2026-09-23 00:00:00,Entregado,2026-09-19 00:00:00,Cambio,312185,ABARROTES FER,GEOVANI,LUIS RIOS,Entrega,Enfriador,V41,92640733B,Tradicional,LUIS,,
2026-09-23 00:00:00,Levantado,2026-09-19 00:00:00,Cambio,312185,ABARROTES FER,GEOVANI,LUIS RIOS,Levantamiento,Enfriador,V35,32050974T,Tradicional,LUIS,,
2026-09-23 00:00:00,Levantado,2026-09-19 00:00:00,Cambio,312185,ABARROTES FER,GEOVANI,LUIS RIOS,Levantamiento,Enfriador,V35,32050988T,Tradicional,LUIS,,
2026-09-23 00:00:00,Entregado,2026-09-19 00:00:00,Cambio,22587,ABARROTES SAN MARTIN,GEOVANI,JAVIER ALEJANDRO,Entrega,Enfriador,V27,92630724B,Tradicional,ADOLFO,,
2026-09-23 00:00:00,Levantado,2026-09-19 00:00:00,Cambio,22587,ABARROTES SAN MARTIN,GEOVANI,JAVIER ALEJANDRO,Levantamiento,Enfriador,V27,42630284B,Tradicional,ADOLFO,,
2026-09-24 00:00:00,Pendiente,2026-09-19 00:00:00,Normal,483926,LA PASADITA,GEOVANI,JUAN ANTONIO,Entrega,Enfriador,V35,32190758U,Tradicional,LUIS,,
2026-09-24 00:00:00,Pendiente,2026-09-19 00:00:00,Normal,483277,CREMERIA,GEOVANI,AURELIO,Entrega,Enfriador,V35,21920700S,Tradicional,LUIS,,
2026-09-24 00:00:00,Pendiente,2026-09-19 00:00:00,Normal,483891,TORTILLERIA LA CHAPARRA,GEOVANI,JUAN ANTONIO,Entrega,Enfriador,V25,02211099X,Tradicional,LUIS,,
2026-09-23 00:00:00,Realizado,2026-09-19 00:00:00,Documental,482973,EL NIÑO DE ATOCHA,JORGE,PABLO TOSCA,Reubicación,Enfriador,V41,62450618Z,Tradicional,LUIS,,
2026-09-21 00:00:00,Levantado,2026-09-19 00:00:00,Normal,19160,MINI SUPER LAS AMERICAS,JORGE,CARLOS HUMBERTO,Levantamiento,Enfriador,V40,01140598O,Tradicional,ADOLFO,,
2026-09-21 00:00:00,Entregado,2026-09-19 00:00:00,Normal,20889,CHEDRAUI AMERICAS,PASTOR,AXEL,Entrega,Enfriador,V5,12170547U,Tradicional,ADOLFO,,
2026-09-21 00:00:00,Entregado,2026-09-19 00:00:00,Normal,20889,CHEDRAUI AMERICAS,PASTOR,AXEL,Entrega,Enfriador,V5,12170542U,Tradicional,ADOLFO,,
2026-09-21 00:00:00,Entregado,2026-09-19 00:00:00,Normal,20889,CHEDRAUI AMERICAS,PASTOR,AXEL,Entrega,Enfriador,V5,12170537U,Tradicional,ADOLFO,,
2026-09-21 00:00:00,Entregado,2026-09-19 00:00:00,Normal,20889,CHEDRAUI AMERICAS,PASTOR,AXEL,Entrega,Enfriador,V5,12170538U,Tradicional,ADOLFO,,
2026-09-21 00:00:00,Entregado,2026-09-19 00:00:00,Normal,20889,CHEDRAUI AMERICAS,PASTOR,AXEL,Entrega,Enfriador,G313,N30250801221,Tradicional,ADOLFO,,
2026-09-21 00:00:00,Entregado,2026-09-19 00:00:00,Normal,20889,CHEDRAUI AMERICAS,PASTOR,AXEL,Entrega,Enfriador,G313,N30250801200,Tradicional,ADOLFO,,
2026-09-21 00:00:00,Entregado,2026-09-19 00:00:00,Normal,20889,CHEDRAUI AMERICAS,PASTOR,AXEL,Entrega,Enfriador,G313,N30250801203,Tradicional,ADOLFO,,
2026-09-22 00:00:00,Entregado,2026-09-19 00:00:00,Cambio,402189,SUEÑO MEXICANO CC1,MAURICIO,EDWIN,Entrega,Enfriador,NV 08,J90231180076,HoReCa,LUIS,,
2026-09-21 00:00:00,Entregado,2026-09-19 00:00:00,Cambio,402189,SUEÑO MEXICANO CC1,MAURICIO,EDWIN,Entrega,Enfriador,V17,2510339,HoReCa,ADOLFO,,
2026-09-21 00:00:00,Levantado,2026-09-19 00:00:00,Cambio,402189,SUEÑO MEXICANO CC1,MAURICIO,EDWIN,Levantamiento,Enfriador,V17,82620641B,HoReCa,ADOLFO,,
2026-09-21 00:00:00,Entregado,2026-09-19 00:00:00,Cambio,440140,HIJAS DE LA TOSTADA,MAURICIO,EDWIN,Entrega,Enfriador,FVC20,K17250901951,HoReCa,ADOLFO,,
2026-09-21 00:00:00,Levantado,2026-09-19 00:00:00,Cambio,440140,HIJAS DE LA TOSTADA,MAURICIO,EDWIN,Levantamiento,Enfriador,V9,82680652B,HoReCa,ADOLFO,,
2026-09-25 00:00:00,Pendiente,2026-09-19 00:00:00,Cambio,21853,RESTAURANT FISH FRITANGA,MAURICIO,DONACIANO,Entrega,Enfriador,V12,81940125Q,HoReCa,ADOLFO,,
2026-09-25 00:00:00,Pendiente,2026-09-19 00:00:00,Cambio,21853,RESTAURANT FISH FRITANGA,MAURICIO,DONACIANO,Levantamiento,Enfriador,V12,912703220,HoReCa,ADOLFO,,
2026-09-24 00:00:00,Pendiente,2026-09-17 00:00:00,Normal,476630,SUPER CHEDRAUI HOLBOX,CARLOS,,Entrega,Enfriador,DISPENSADOR,12610251B,AP20L,EDDIE,,
2026-09-24 00:00:00,Pendiente,2026-09-17 00:00:00,Normal,476630,SUPER CHEDRAUI HOLBOX,CARLOS,,Entrega,Enfriador,DISPENSADOR,12610298B,AP20L,EDDIE,,
2026-09-24 00:00:00,Pendiente,2026-09-17 00:00:00,Normal,476630,SUPER CHEDRAUI HOLBOX,CARLOS,,Entrega,Enfriador,DISPENSADOR,12610283B,AP20L,EDDIE,,
2026-09-25 00:00:00,Pendiente,2026-09-17 00:00:00,Cambio,439687,GO MART OFICINA Z   H,CARLOS,,Entrega,Enfriador,DISPENSADOR,12610256B,AP20L,ADOLFO,,
2026-09-25 00:00:00,Pendiente,2026-09-17 00:00:00,Cambio,439687,GO MART OFICINA Z   H,CARLOS,,Entrega,Enfriador,DISPENSADOR,12600272B,AP20L,ADOLFO,,
2026-09-25 00:00:00,Pendiente,2026-09-17 00:00:00,Cambio,439687,GO MART OFICINA Z   H,CARLOS,,Entrega,Enfriador,DISPENSADOR,02690293B,AP20L,ADOLFO,,
2026-09-25 00:00:00,Pendiente,2026-09-17 00:00:00,Cambio,439687,GO MART OFICINA Z   H,CARLOS,,Levantamiento,Enfriador,DISPENSADOR,,AP20L,ADOLFO,,
2026-09-25 00:00:00,Pendiente,2026-09-17 00:00:00,Cambio,439687,GO MART OFICINA Z   H,CARLOS,,Levantamiento,Enfriador,DISPENSADOR,,AP20L,ADOLFO,,
2026-09-25 00:00:00,Pendiente,2026-09-17 00:00:00,Cambio,439687,GO MART OFICINA Z   H,CARLOS,,Levantamiento,Enfriador,DISPENSADOR,,AP20L,ADOLFO,,
2026-09-26 00:00:00,Pendiente,2026-09-17 00:00:00,Cambio,20890,SAN FRANCISCO DE ASIS MERCADO 23,CARLOS,,Entrega,Enfriador,DISPENSADOR,02670234A,AP20L,,,
2026-09-21 00:00:00,Entregado,2026-09-21 00:00:00,Normal,20889,CHEDRAUI AMERICAS,PASTOR,AXEL,Entrega,Enfriador,FVC20,K17250801927,Moderno,EDDIE,,
2026-09-21 00:00:00,Entregado,2026-09-21 00:00:00,Normal,20889,CHEDRAUI AMERICAS,PASTOR,AXEL,Entrega,Enfriador,FVC20,K17250902138,Moderno,EDDIE,,
2026-09-21 00:00:00,Entregado,2026-09-21 00:00:00,Normal,20889,CHEDRAUI AMERICAS,PASTOR,AXEL,Entrega,Enfriador,FVC20,K17250801902,Moderno,EDDIE,,
2026-09-21 00:00:00,Entregado,2026-09-21 00:00:00,Normal,20889,CHEDRAUI AMERICAS,PASTOR,AXEL,Entrega,Enfriador,FVC20,K17250902149,Moderno,EDDIE,,
2026-09-21 00:00:00,Entregado,2026-09-21 00:00:00,Normal,20889,CHEDRAUI AMERICAS,PASTOR,AXEL,Entrega,Enfriador,FVC20,K17250902196,Moderno,EDDIE,,
2026-09-21 00:00:00,Entregado,2026-09-21 00:00:00,Normal,20889,CHEDRAUI AMERICAS,PASTOR,AXEL,Entrega,Enfriador,FVC20,K17250902218,Moderno,EDDIE,,
2026-09-21 00:00:00,Entregado,2026-09-21 00:00:00,Normal,20889,CHEDRAUI AMERICAS,PASTOR,AXEL,Entrega,Enfriador,FVC20,K17250902241,Moderno,EDDIE,,
2026-09-21 00:00:00,Entregado,2026-09-21 00:00:00,Normal,20889,CHEDRAUI AMERICAS,PASTOR,AXEL,Entrega,Enfriador,FVC20,K17250902252,Moderno,EDDIE,,
2026-09-21 00:00:00,Entregado,2026-09-21 00:00:00,Normal,20889,CHEDRAUI AMERICAS,PASTOR,AXEL,Entrega,Enfriador,V5,12170535U,Moderno,EDDIE,,
2026-09-21 00:00:00,Entregado,2026-09-21 00:00:00,Cambio,197341,CHEDRAUI CANCUN CHAC MOOL,PASTOR,VICTOR GIRON,Entrega,Enfriador,FVC20,K17250902245,Moderno,LUIS,,
2026-09-21 00:00:00,Entregado,2026-09-21 00:00:00,Cambio,197341,CHEDRAUI CANCUN CHAC MOOL,PASTOR,VICTOR GIRON,Entrega,Enfriador,FVC20,K17250801937,Moderno,LUIS,,
2026-09-21 00:00:00,Entregado,2026-09-21 00:00:00,Cambio,197341,CHEDRAUI CANCUN CHAC MOOL,PASTOR,VICTOR GIRON,Entrega,Enfriador,FVC20,K17250901948,Moderno,LUIS,,
2026-09-21 00:00:00,Levantado,2026-09-21 00:00:00,Cambio,197341,CHEDRAUI CANCUN CHAC MOOL,PASTOR,VICTOR GIRON,Levantamiento,Enfriador,G313,N30240700203,Moderno,LUIS,,
2026-09-21 00:00:00,Levantado,2026-09-21 00:00:00,Cambio,197341,CHEDRAUI CANCUN CHAC MOOL,PASTOR,VICTOR GIRON,Levantamiento,Enfriador,G313,N30250801119,Moderno,LUIS,,
2026-09-21 00:00:00,Levantado,2026-09-21 00:00:00,Cambio,197341,CHEDRAUI CANCUN CHAC MOOL,PASTOR,VICTOR GIRON,Levantamiento,Enfriador,G313,N30250801206,Moderno,LUIS,,
2026-09-21 00:00:00,Entregado,2026-09-21 00:00:00,Cambio,308496,CHEDRAUI ZONA HOTELERA,PASTOR,VICTOR GIRON,Entrega,Enfriador,V17,92610799B,Moderno,ADOLFO,,
2026-09-21 00:00:00,Entregado,2026-09-21 00:00:00,Cambio,308496,CHEDRAUI ZONA HOTELERA,PASTOR,VICTOR GIRON,Entrega,Enfriador,FVC20,K17250801909,Moderno,ADOLFO,,
2026-09-21 00:00:00,Entregado,2026-09-21 00:00:00,Cambio,308496,CHEDRAUI ZONA HOTELERA,PASTOR,VICTOR GIRON,Entrega,Enfriador,FVC20,K17250902146,Moderno,ADOLFO,,
2026-09-21 00:00:00,Entregado,2026-09-21 00:00:00,Cambio,308496,CHEDRAUI ZONA HOTELERA,PASTOR,VICTOR GIRON,Entrega,Enfriador,FVC20,K17250902247,Moderno,ADOLFO,,
2026-09-21 00:00:00,Entregado,2026-09-21 00:00:00,Cambio,308496,CHEDRAUI ZONA HOTELERA,PASTOR,VICTOR GIRON,Entrega,Enfriador,FVC20,K17250902139,Moderno,ADOLFO,,
2026-09-21 00:00:00,Entregado,2026-09-21 00:00:00,Cambio,308496,CHEDRAUI ZONA HOTELERA,PASTOR,VICTOR GIRON,Entrega,Enfriador,FVC20,K17250902251,Moderno,ADOLFO,,
2026-09-21 00:00:00,Levantado,2026-09-21 00:00:00,Cambio,308496,CHEDRAUI ZONA HOTELERA,PASTOR,VICTOR GIRON,Levantamiento,Enfriador,G313,B59190800263,Moderno,ADOLFO,,
2026-09-21 00:00:00,Levantado,2026-09-21 00:00:00,Cambio,308496,CHEDRAUI ZONA HOTELERA,PASTOR,VICTOR GIRON,Levantamiento,Enfriador,G313,B59190500081,Moderno,ADOLFO,,
2026-09-21 00:00:00,Levantado,2026-09-21 00:00:00,Cambio,308496,CHEDRAUI ZONA HOTELERA,PASTOR,VICTOR GIRON,Levantamiento,Enfriador,G313,N30241000845,Moderno,ADOLFO,,
2026-09-21 00:00:00,Levantado,2026-09-21 00:00:00,Cambio,308496,CHEDRAUI ZONA HOTELERA,PASTOR,VICTOR GIRON,Levantamiento,Enfriador,G313,B59211100873,Moderno,ADOLFO,,
2026-09-19 00:00:00,Levantado,2026-09-19 00:00:00,Normal,481115,CRISTO REY  CD NATURA,MARIO,ANGEL GABRIEL,Levantamiento,Enfriador,V17,72350740Y,Tradicional,EDDIE,,
2026-09-22 00:00:00,Levantado,2026-09-21 00:00:00,Normal,349880,ABARROTES EL ARCA 2,KARINA,FRANK,Levantamiento,Enfriador,V17,51600684G,Tradicional,EDDIE,,
2026-09-22 00:00:00,Entregado,2026-09-21 00:00:00,Cambio,29517,AB LOS ALMENDROS,KARINA,ANGEL COX,Entrega,Enfriador,V27,72600526B,Tradicional,EDDIE,,
2026-09-22 00:00:00,Entregado,2026-09-21 00:00:00,Cambio,29517,AB LOS ALMENDROS,KARINA,ANGEL COX,Entrega,Enfriador,V27,72600523B,Tradicional,EDDIE,,
2026-09-22 00:00:00,Levantado,2026-09-21 00:00:00,Cambio,29517,AB LOS ALMENDROS,KARINA,ANGEL COX,Levantamiento,Enfriador,V25,41930444R,Tradicional,EDDIE,,
2026-09-22 00:00:00,Levantado,2026-09-21 00:00:00,Cambio,29517,AB LOS ALMENDROS,KARINA,ANGEL COX,Levantamiento,Enfriador,V25,32040974K,Tradicional,EDDIE,,
2026-09-22 00:00:00,Entregado,2026-09-21 00:00:00,Cambio,481495,SIX ORQUIDEAS,KARINA,ISRAEL,Entrega,Enfriador,V35,51930409R,Tradicional,EDDIE,,
2026-09-22 00:00:00,Levantado,2026-09-21 00:00:00,Cambio,481495,SIX ORQUIDEAS,KARINA,ISRAEL,Levantamiento,Enfriador,V35,61880835P,Tradicional,EDDIE,,
2026-09-23 00:00:00,Entregado,2026-09-21 00:00:00,Cambio,385855,MICHEL,KARINA,JOSE QUIME,Entrega,Enfriador,V25,02600801C,Tradicional,ADOLFO,,
2026-09-23 00:00:00,Entregado,2026-09-21 00:00:00,Cambio,385855,MICHEL,KARINA,JOSE QUIME,Entrega,Enfriador,G342,M51260100022,Tradicional,ADOLFO,,
2026-09-23 00:00:00,Levantado,2026-09-21 00:00:00,Cambio,385855,MICHEL,KARINA,JOSE QUIME,Levantamiento,Enfriador,V25,41920455R,Tradicional,ADOLFO,,
2026-09-24 00:00:00,Pendiente,2026-09-21 00:00:00,Normal,479722,AB MIRELY,KARINA,JUSTIN,Entrega,Enfriador,V25,32040904T,Tradicional,LUIS,,
2026-09-24 00:00:00,Pendiente,2026-09-21 00:00:00,Cambio,317874,MINISUPER EL NORUEGO,KARINA,JOSE QUIME,Entrega,Enfriador,V25,42270725W,Tradicional,LUIS,,
2026-09-24 00:00:00,Pendiente,2026-09-21 00:00:00,Cambio,317874,MINISUPER EL NORUEGO,KARINA,JOSE QUIME,Entrega,Enfriador,V25,72210824W,Tradicional,LUIS,,
2026-09-24 00:00:00,Pendiente,2026-09-21 00:00:00,Cambio,317874,MINISUPER EL NORUEGO,KARINA,JOSE QUIME,Levantamiento,Enfriador,V56,11621139J,Tradicional,LUIS,,
2026-09-22 00:00:00,Pendiente,2026-09-21 00:00:00,Normal,393687,COMEDOR GRAND ISLAND,MAURICIO,URIEL,Levantamiento,Enfriador,V12,21910207R,HoReCa,ADOLFO,,
2026-09-22 00:00:00,Levantado,2026-09-21 00:00:00,Normal,393687,COMEDOR GRAND ISLAND,MAURICIO,URIEL,Levantamiento,Enfriador,V25,81360760V,HoReCa,ADOLFO,,
2026-09-22 00:00:00,Levantado,2026-09-21 00:00:00,Normal,393687,COMEDOR GRAND ISLAND,MAURICIO,URIEL,Levantamiento,Enfriador,V25,81651141I,HoReCa,ADOLFO,,
2026-09-24 00:00:00,Pendiente,2026-09-21 00:00:00,Normal,469975,2 DE ORO,CRISTIAN,MARVIN,Levantamiento,Enfriador,V25,72550893A,Tradicional,ADOLFO,,
2026-09-24 00:00:00,Pendiente,2026-09-21 00:00:00,Normal,220405,PUESTO JULY,CRISTIAN,OLIVER,Entrega,Enfriador,V12,01910120R,Tradicional,ADOLFO,,
2026-09-24 00:00:00,Pendiente,2026-09-21 00:00:00,Normal,220405,PUESTO JULY,CRISTIAN,OLIVER,Levantamiento,Enfriador,V17,72380399X,Tradicional,ADOLFO,,
2026-09-23 00:00:00,Entregado,2026-09-21 00:00:00,Normal,365209,PIZZA HUT PORTILLO,CRISTIAN,JORGE TUN,Entrega,Enfriador,G326,N24240401744,Tradicional,LUIS,,
2026-09-24 00:00:00,Pendiente,2026-09-21 00:00:00,Cambio,452777,LA LEY HIDALGO PORTILLO,CRISTIAN,JORGE TUN,Entrega,Enfriador,V17,72101017U,Tradicional,ADOLFO,,
2026-09-24 00:00:00,Pendiente,2026-09-21 00:00:00,Cambio,452777,LA LEY HIDALGO PORTILLO,CRISTIAN,JORGE TUN,Levantamiento,Enfriador,V17,21300334U,Tradicional,ADOLFO,,
2026-09-22 00:00:00,Cancelado,2026-09-22 00:00:00,Normal,439508,GO MART KIKIMBE GC63,JOSE RAMON,CRISTIAN,Entrega,Enfriador,V9,,Moderno,ADOLFO,NO LO ACEPTO EL CLIENTE,
2026-09-22 00:00:00,Cancelado,2026-09-22 00:00:00,Normal,439654,GO MART HUAYACAN COLEGIOS GC72,JOSE RAMON,PABLO SIERRA,Entrega,Enfriador,V9,,Moderno,ADOLFO,NO LO ACEPTO EL CLIENTE,
2026-09-22 00:00:00,Entregado,2026-09-22 00:00:00,Normal,359081,OXXO 26354  KAYBAL,JOSE RAMON,CRISTIAN,Entrega,Enfriador,VR1.5,K20241000116,Moderno,ADOLFO,,
2026-09-22 00:00:00,Entregado,2026-09-22 00:00:00,Normal,359081,OXXO 26354  KAYBAL,JOSE RAMON,CRISTIAN,Entrega,Enfriador,VR1.5,K20241000117,Moderno,ADOLFO,,
2026-09-22 00:00:00,Levantado,2026-09-22 00:00:00,Normal,21913,EXTRA UXMAL,JOSE RAMON,OSCAR TIBURCIO,Levantamiento,Enfriador,V27,82650651B,Moderno,ADOLFO,,
2026-09-23 00:00:00,Levantado,2026-09-22 00:00:00,Normal,455763,SEVEN ELEVEN PARAISO MAYA,JOSE RAMON,SAMUEL BALAM,Levantamiento,Enfriador,G313,793000000000,Moderno,ADOLFO,,
2026-09-22 00:00:00,Entregado,2026-09-22 00:00:00,Normal,20889,CHEDRAUI AMERICAS,CARLOS AVILES,,Entrega,Enfriador,DISPENSADOR,02680219B,AP20L,EDDIE,,
2026-09-22 00:00:00,Entregado,2026-09-22 00:00:00,Normal,20889,CHEDRAUI AMERICAS,PASTOR,AXEL,Entrega,Enfriador,G313,B59190800263,Moderno,ADOLFO,,
2026-09-22 00:00:00,Entregado,2026-09-22 00:00:00,Normal,20889,CHEDRAUI AMERICAS,PASTOR,AXEL,Entrega,Enfriador,G313,B59190500081,Moderno,ADOLFO,,
2026-09-22 00:00:00,Entregado,2026-09-22 00:00:00,Normal,20889,CHEDRAUI AMERICAS,PASTOR,AXEL,Entrega,Enfriador,G313,N30241000845,Moderno,ADOLFO,,
2026-09-22 00:00:00,Entregado,2026-09-22 00:00:00,Normal,20889,CHEDRAUI AMERICAS,PASTOR,AXEL,Entrega,Enfriador,G313,B59211100873,Moderno,ADOLFO,,
2026-09-23 00:00:00,Levantado,2026-09-22 00:00:00,Normal,325117,LA TIENDITA,GEOVANI,JOSE LUIS,Levantamiento,Enfriador,V41,62450679Z,Tradicional,LUIS,,
2026-09-23 00:00:00,Levantado,2026-09-22 00:00:00,Normal,325117,LA TIENDITA,GEOVANI,JOSE LUIS,Levantamiento,Enfriador,G326,N24240401562,Tradicional,LUIS,,
2026-09-23 00:00:00,Levantado,2026-09-22 00:00:00,Normal,361618,SUPER WILLYS PASEO DEL AVELLANO,IRVING,,Levantamiento,Enfriador,DISPENSADOR,52430403AD,AP20L,ADOLFO,,
2026-09-23 00:00:00,Levantado,2026-09-22 00:00:00,Normal,384535,WILLYS CANCUN 43 ISLA SAONA,LUIS ALAN,,Levantamiento,Enfriador,DISPENSADOR,62400428AD,AP20L,LUIS,,
2026-09-23 00:00:00,Pendiente,2026-09-22 00:00:00,Normal,443331,SUPER WILLYS CANCUN 54 EL LIMONERO,IRVING,,Levantamiento,Enfriador,DISPENSADOR,12260757B,AP20L,ADOLFO,ES CAMBIO DE EQUIPO,
2026-09-23 00:00:00,Pendiente,2026-09-22 00:00:00,Normal,299872,SUPER WILLYS AVANTE,LUIS ALAN,,Levantamiento,Enfriador,DISPENSADOR,20240358127,AP20L,LUIS,ES CAMBIO DE EQUIPO,
2026-09-23 00:00:00,Entregado,2026-09-22 00:00:00,Normal,307544,RINCONADA DEL MAR,JOSE ATILA,,Entrega,Enfriador,DISPENSADOR,02680285B,AP20L,LUIS,,
2026-09-24 00:00:00,Pendiente,2026-09-24 00:00:00,Normal,399159,ABARROTES DIDIER,KARINA,,Levantamiento,Enfriador,G326,N24240401243,Tradicional,ADOLFO,,
2026-09-25 00:00:00,Pendiente,2026-09-24 00:00:00,Normal,472250,LA PALAPA DEL JAROCHO 2,CRISTIAN,JORGE TUN,Entrega,Enfriador,V17,52370140X,Tradicional,LUIS,,
2026-09-25 00:00:00,Pendiente,2026-09-24 00:00:00,Normal,361870,FARMACIA PAYLES PARIAN,MAURICIO,URIEL,Entrega,Enfriador,V17,92620714B,HoReCa,ADOLFO,,
2026-09-25 00:00:00,Pendiente,2026-09-24 00:00:00,Normal,308205,SECRETS PLAYA MUJERES,LUIS ALAN,,Entrega,Enfriador,DISPENSADOR,02660270B,AP20L,LUIS,,
2026-09-25 00:00:00,Pendiente,2026-09-24 00:00:00,Normal,308205,SECRETS PLAYA MUJERES,LUIS ALAN,,Entrega,Enfriador,DISPENSADOR,12600274B,AP20L,LUIS,,
2026-09-25 00:00:00,Pendiente,2026-09-24 00:00:00,Normal,308205,SECRETS PLAYA MUJERES,LUIS ALAN,,Entrega,Enfriador,DISPENSADOR,02680287B,AP20L,LUIS,,
2026-09-25 00:00:00,Pendiente,2026-09-24 00:00:00,Normal,308205,SECRETS PLAYA MUJERES,LUIS ALAN,,Entrega,Enfriador,DISPENSADOR,12620227B,AP20L,LUIS,,
2026-09-25 00:00:00,Pendiente,2026-09-24 00:00:00,Normal,308205,SECRETS PLAYA MUJERES,LUIS ALAN,,Entrega,Enfriador,DISPENSADOR,12620205B,AP20L,LUIS,,
2026-09-25 00:00:00,Pendiente,2026-09-24 00:00:00,Normal,308205,SECRETS PLAYA MUJERES,LUIS ALAN,,Entrega,Enfriador,DISPENSADOR,12600253B,AP20L,LUIS,,
2026-09-25 00:00:00,Pendiente,2026-09-24 00:00:00,Normal,308205,SECRETS PLAYA MUJERES,LUIS ALAN,,Entrega,Enfriador,DISPENSADOR,02660272A,AP20L,LUIS,,
2026-09-25 00:00:00,Pendiente,2026-09-24 00:00:00,Normal,308205,SECRETS PLAYA MUJERES,LUIS ALAN,,Entrega,Enfriador,DISPENSADOR,02690219A,AP20L,LUIS,,
2026-09-25 00:00:00,Pendiente,2026-09-24 00:00:00,Normal,308205,SECRETS PLAYA MUJERES,LUIS ALAN,,Entrega,Enfriador,DISPENSADOR,02680275A,AP20L,LUIS,,
2026-09-25 00:00:00,Pendiente,2026-09-24 00:00:00,Normal,308205,SECRETS PLAYA MUJERES,LUIS ALAN,,Entrega,Enfriador,DISPENSADOR,12610257B,AP20L,LUIS,,
2026-09-25 00:00:00,Pendiente,2026-09-24 00:00:00,Normal,308205,SECRETS PLAYA MUJERES,LUIS ALAN,,Entrega,Enfriador,DISPENSADOR,02650295A,AP20L,LUIS,,
2026-09-25 00:00:00,Pendiente,2026-09-24 00:00:00,Normal,308205,SECRETS PLAYA MUJERES,LUIS ALAN,,Entrega,Enfriador,DISPENSADOR,02680207B,AP20L,LUIS,,
2026-09-25 00:00:00,Pendiente,2026-09-24 00:00:00,Normal,308205,SECRETS PLAYA MUJERES,LUIS ALAN,,Entrega,Enfriador,DISPENSADOR,02670268B,AP20L,LUIS,,
2026-09-25 00:00:00,Pendiente,2026-09-24 00:00:00,Normal,308205,SECRETS PLAYA MUJERES,LUIS ALAN,,Entrega,Enfriador,DISPENSADOR,02690271B,AP20L,LUIS,,
2026-09-25 00:00:00,Pendiente,2026-09-24 00:00:00,Normal,308205,SECRETS PLAYA MUJERES,LUIS ALAN,,Entrega,Enfriador,DISPENSADOR,02680218A,AP20L,LUIS,,
2026-09-25 00:00:00,Pendiente,2026-09-24 00:00:00,Normal,308205,SECRETS PLAYA MUJERES,LUIS ALAN,,Entrega,Enfriador,DISPENSADOR,12610250B,AP20L,LUIS,,
2026-09-25 00:00:00,Pendiente,2026-09-24 00:00:00,Cambio,308205,SECRETS PLAYA MUJERES,LUIS ALAN,,Entrega,Enfriador,DISPENSADOR,12600269B,AP20L,LUIS,,
2026-09-25 00:00:00,Pendiente,2026-09-24 00:00:00,Cambio,308205,SECRETS PLAYA MUJERES,LUIS ALAN,,Levantamiento,Enfriador,DISPENSADOR,,AP20L,LUIS,,
2026-09-25 00:00:00,Pendiente,2026-09-25 00:00:00,Normal,20991,CK MODELORAMA,JOSE RAMON,JOSE LUIS,Levantamiento,Enfriador,V27,62690557B,Moderno,LUIS,,
2026-09-25 00:00:00,Pendiente,2026-09-25 00:00:00,Normal,20916,EXTRA TERRAMAR,JOSE RAMON,CRISTIAN,Levantamiento,Enfriador,V25,,Moderno,ADOLFO,,
2026-09-25 00:00:00,Pendiente,2026-09-24 00:00:00,Normal,478912,PASTELERIA Y PANADERIA SALMO 23,MARIO,OSCAR,Levantamiento,Enfriador,V41,32680120B,Tradicional,LUIS,,
2026-09-25 00:00:00,Pendiente,2026-09-24 00:00:00,Normal,456271,ABARROTES NATY VILLAS,MARIO,ELIAN,Levantamiento,Enfriador,G326,N24240401068,Tradicional,LUIS,,
2026-09-25 00:00:00,Pendiente,2026-09-24 00:00:00,Cambio,393612,SIX MAYBE,MARIO,DANIEL DE LA ROSA,Entrega,Enfriador,V35,72190271T,Tradicional,LUIS,,
2026-09-25 00:00:00,Pendiente,2026-09-24 00:00:00,Cambio,393612,SIX MAYBE,MARIO,DANIEL DE LA ROSA,Levantamiento,Enfriador,V40,11500916D,Tradicional,LUIS,,
2026-09-25 00:00:00,Pendiente,2026-09-24 00:00:00,Normal,346825,ISLA PARAISO,JULIO CESAR,JOSE ALBERTO,Levantamiento,Vending,RVCC 804 CAMALEON,201629AA00077,Vending,ADOLFO,,
2026-09-25 00:00:00,Pendiente,2026-09-24 00:00:00,Normal,243140,COMEDOR HOTEL PRESIDENTE ,JULIO CESAR,JOSE ALBERTO,Levantamiento,Vending,RVCC 804 CAMALEON,1366733,Vending,ADOLFO,,
2026-09-25 00:00:00,Pendiente,2026-09-24 00:00:00,Normal,20889,CHEDRAUI AMERICAS,PASTOR,AXEL,Levantamiento,Enfriador,FVC20,K17250902218,Moderno,ADOLFO,,
2026-09-25 00:00:00,Pendiente,2026-09-24 00:00:00,Normal,20889,CHEDRAUI AMERICAS,PASTOR,AXEL,Levantamiento,Enfriador,FVC20,K17250902196,Moderno,ADOLFO,,
2026-09-25 00:00:00,Pendiente,2026-09-24 00:00:00,Normal,20889,CHEDRAUI AMERICAS,PASTOR,AXEL,Levantamiento,Enfriador,FVC20,K17250902196,Moderno,ADOLFO,,
